Workbook

Sheet Table 2
B2: Iteraciones | C2: Avg. | D2: Time | E2: Dev. | F2: #best
B3: =C10 -> Baseline | C3: =AVERAGEIF(K12:K128, "<>-", C12:C128) -> 153.90769 | D3: =AVERAGEIF(L12:L128, "<>-", D12:D128) -> 6.6314692 | E3: =AVERAGE(E12:E37) -> 0.0034001275 | F3: =SUMIF(K12:K128, "<>-", F12:F128) -> 14
B4: =G10 -> Gc | C4: =AVERAGEIF(K12:K128, "<>-", G12:G128) -> 154.68462 | D4: =AVERAGEIF(L12:L128, "<>-", H12:H128) -> 6.3056461 | E4: =AVERAGE( I12:I37) -> 0.0078413481 | F4: =SUMIF(K12:K128, "<>-", J12:J128) -> 12
B5: =K10 -> LS1 | C5: =AVERAGEIF(K12:K128, "<>-", K12:K128) -> 174.37692 | D5: =AVERAGEIF(L12:L128, "<>-", L12:L128) -> 31.078462 | E5: =AVERAGEIF(K12:K128, "<>-", M12:M128) -> 0.092381094 | F5: =SUMIF(K12:K128, "<>-", N12:N128) -> 5
B6: =O10 -> P1 | C6: =AVERAGEIF(K12:K128, "<>-", O12:O128) -> 156.05385 | D6: =AVERAGEIF(K12:K128, "<>-", P12:P128) -> 6.3893538 | E6: =AVERAGEIF(K12:K128, "<>-", Q12:Q128) -> 0.0072459395 | F6: =SUMIF(K12:K128, "<>-", R12:R128) -> 12
B7: =S10 -> β = 0.08 | C7: =AVERAGEIF(K12:K128, "<>-", S12:S128) -> 154.32308 | D7: =AVERAGEIF(K12:K128, "<>-", T12:T128) -> 4.7454 | E7: =AVERAGEIF(K12:K128, "<>-", U12:U128) -> 0.0076691189 | F7: =SUMIF(K12:K128, "<>-", V12:V128) -> 12
B8: =W10 -> β = 0.18 | C8: =AVERAGEIF(K12:K128, "<>-", W12:W128) -> 155.66154 | D8: =AVERAGEIF(K12:K128, "<>-", X12:X128) -> 7.9938154 | E8: =AVERAGEIF(K12:K128, "<>-", Y12:Y128) -> 0.0057860838 | F8: =SUMIF(K12:K128, "<>-", Z12:Z128) -> 17
C10: Baseline | G10: Gc | K10: LS1 | O10: P1 | S10: β = 0.08 | W10: β = 0.18
B11: Instance | C11: OF | D11: Time | E11: Dev | F11: Best | G11: OF | H11: Time | I11: Dev | J11: Best | K11: OF | L11: Time | M11: Dev | N11: Best | O11: OF | P11: Time | Q11: Dev | R11: Best | S11: OF | T11: Time | U11: Dev | V11: Best | W11: OF | X11: Time | Y11: Dev | Z11: Best | AR11: #best
B12: 662_bus.mtx | C12: =AVERAGE('execs Table 2'!C116,'execs Table 2'!E116,'execs Table 2'!G116,'execs Table 2'!I116,'execs Table 2'!K116) -> 534.2 | D12: =AVERAGE('execs Table 2'!D116,'execs Table 2'!F116,'execs Table 2'!H116,'execs Table 2'!J116,'execs Table 2'!L116) -> 1.783 | E12: =(C12-$AR12)/$AR12 -> 0.0014998125 | F12: =IF(C12=$AR12,1,0) -> 0 | G12: =AVERAGE('execs Table 2'!C144,'execs Table 2'!E144,'execs Table 2'!G144,'execs Table 2'!I144,'execs Table 2'!K144) -> 533.4 | H12: =AVERAGE('execs Table 2'!D144,'execs Table 2'!F144,'execs Table 2'!H144,'execs Table 2'!J144,'execs Table 2'!L144) -> 2.4178 | I12: =(G12-$AR12)/$AR12 -> 0 | J12: =IF(G12=$AR12,1,0) -> 1 | K12: =AVERAGE('execs Table 2'!C32,'execs Table 2'!E32,'execs Table 2'!G32,'execs Table 2'!I32,'execs Table 2'!K32) -> 539 | L12: =AVERAGE('execs Table 2'!D32,'execs Table 2'!F32,'execs Table 2'!H32,'execs Table 2'!J32,'execs Table 2'!L32) -> 11.8904 | M12: =(K12-$AR12)/$AR12 -> 0.010498688 | N12: =IF(K12=$AR12,1,0) -> 0 | O12: =AVERAGE('execs Table 2'!C4,'execs Table 2'!E4,'execs Table 2'!G4,'execs Table 2'!I4,'execs Table 2'!K4) -> 534.8 | P12: =AVERAGE('execs Table 2'!D4,'execs Table 2'!F4,'execs Table 2'!H4,'execs Table 2'!J4,'execs Table 2'!L4) -> 1.5424 | Q12: =(O12-$AR12)/$AR12 -> 0.0026246719 | R12: =IF(O12=$AR12,1,0) -> 0 | S12: =AVERAGE('execs Table 2'!C60,'execs Table 2'!E60,'execs Table 2'!G60,'execs Table 2'!I60,'execs Table 2'!K60) -> 533.4 | T12: =AVERAGE('execs Table 2'!D60,'execs Table 2'!F60,'execs Table 2'!H60,'execs Table 2'!J60,'execs Table 2'!L60) -> 1.0542 | U12: =(S12-$AR12)/$AR12 -> 0 | V12: =IF(S12=$AR12,1,0) -> 1 | W12: =AVERAGE('execs Table 2'!C88,'execs Table 2'!E88,'execs Table 2'!G88,'execs Table 2'!I88,'execs Table 2'!K88) -> 534 | X12: =AVERAGE('execs Table 2'!D88,'execs Table 2'!F88,'execs Table 2'!H88,'execs Table 2'!J88,'execs Table 2'!L88) -> 2.3182 | Y12: =(W12-$AR12)/$AR12 -> 0.0011248594 | Z12: =IF(W12=$AR12,1,0) -> 0 | AR12: =MIN(C12,G12,K12,O12,S12,W12,AA12,AE12,AI12,AM12) -> 533.4
B13: ash331.mtx | C13: =AVERAGE('execs Table 2'!C117,'execs Table 2'!E117,'execs Table 2'!G117,'execs Table 2'!I117,'execs Table 2'!K117) -> 160.2 | D13: =AVERAGE('execs Table 2'!D117,'execs Table 2'!F117,'execs Table 2'!H117,'execs Table 2'!J117,'execs Table 2'!L117) -> 0.3042 | E13: =(C13-$AR13)/$AR13 -> 0.0025031289 | F13: =IF(C13=$AR13,1,0) -> 0 | G13: =AVERAGE('execs Table 2'!C145,'execs Table 2'!E145,'execs Table 2'!G145,'execs Table 2'!I145,'execs Table 2'!K145) -> 161.2 | H13: =AVERAGE('execs Table 2'!D145,'execs Table 2'!F145,'execs Table 2'!H145,'execs Table 2'!J145,'execs Table 2'!L145) -> 0.2536 | I13: =(G13-$AR13)/$AR13 -> 0.0087609512 | J13: =IF(G13=$AR13,1,0) -> 0 | K13: =AVERAGE('execs Table 2'!C33,'execs Table 2'!E33,'execs Table 2'!G33,'execs Table 2'!I33,'execs Table 2'!K33) -> 181 | L13: =AVERAGE('execs Table 2'!D33,'execs Table 2'!F33,'execs Table 2'!H33,'execs Table 2'!J33,'execs Table 2'!L33) -> 1.2312 | M13: =(K13-$AR13)/$AR13 -> 0.13266583 | N13: =IF(K13=$AR13,1,0) -> 0 | O13: =AVERAGE('execs Table 2'!C5,'execs Table 2'!E5,'execs Table 2'!G5,'execs Table 2'!I5,'execs Table 2'!K5) -> 160.4 | P13: =AVERAGE('execs Table 2'!D5,'execs Table 2'!F5,'execs Table 2'!H5,'execs Table 2'!J5,'execs Table 2'!L5) -> 0.289 | Q13: =(O13-$AR13)/$AR13 -> 0.0037546934 | R13: =IF(O13=$AR13,1,0) -> 0 | S13: =AVERAGE('execs Table 2'!C61,'execs Table 2'!E61,'execs Table 2'!G61,'execs Table 2'!I61,'execs Table 2'!K61) -> 160.4 | T13: =AVERAGE('execs Table 2'!D61,'execs Table 2'!F61,'execs Table 2'!H61,'execs Table 2'!J61,'execs Table 2'!L61) -> 0.2518 | U13: =(S13-$AR13)/$AR13 -> 0.0037546934 | V13: =IF(S13=$AR13,1,0) -> 0 | W13: =AVERAGE('execs Table 2'!C89,'execs Table 2'!E89,'execs Table 2'!G89,'execs Table 2'!I89,'execs Table 2'!K89) -> 159.8 | X13: =AVERAGE('execs Table 2'!D89,'execs Table 2'!F89,'execs Table 2'!H89,'execs Table 2'!J89,'execs Table 2'!L89) -> 0.368 | Y13: =(W13-$AR13)/$AR13 -> 0 | Z13: =IF(W13=$AR13,1,0) -> 1 | AR13: =MIN(C13,G13,K13,O13,S13,W13,AA13,AE13,AI13,AM13) -> 159.8
B14: bcspwr04.mtx | C14: =AVERAGE('execs Table 2'!C118,'execs Table 2'!E118,'execs Table 2'!G118,'execs Table 2'!I118,'execs Table 2'!K118) -> 180.2 | D14: =AVERAGE('execs Table 2'!D118,'execs Table 2'!F118,'execs Table 2'!H118,'execs Table 2'!J118,'execs Table 2'!L118) -> 0.5716 | E14: =(C14-$AR14)/$AR14 -> 0 | F14: =IF(C14=$AR14,1,0) -> 1 | G14: =AVERAGE('execs Table 2'!C146,'execs Table 2'!E146,'execs Table 2'!G146,'execs Table 2'!I146,'execs Table 2'!K146) -> 180.6 | H14: =AVERAGE('execs Table 2'!D146,'execs Table 2'!F146,'execs Table 2'!H146,'execs Table 2'!J146,'execs Table 2'!L146) -> 0.6534 | I14: =(G14-$AR14)/$AR14 -> 0.0022197558 | J14: =IF(G14=$AR14,1,0) -> 0 | K14: =AVERAGE('execs Table 2'!C34,'execs Table 2'!E34,'execs Table 2'!G34,'execs Table 2'!I34,'execs Table 2'!K34) -> 185 | L14: =AVERAGE('execs Table 2'!D34,'execs Table 2'!F34,'execs Table 2'!H34,'execs Table 2'!J34,'execs Table 2'!L34) -> 1.8182 | M14: =(K14-$AR14)/$AR14 -> 0.02663707 | N14: =IF(K14=$AR14,1,0) -> 0 | O14: =AVERAGE('execs Table 2'!C6,'execs Table 2'!E6,'execs Table 2'!G6,'execs Table 2'!I6,'execs Table 2'!K6) -> 180.8 | P14: =AVERAGE('execs Table 2'!D6,'execs Table 2'!F6,'execs Table 2'!H6,'execs Table 2'!J6,'execs Table 2'!L6) -> 0.49 | Q14: =(O14-$AR14)/$AR14 -> 0.0033296337 | R14: =IF(O14=$AR14,1,0) -> 0 | S14: =AVERAGE('execs Table 2'!C62,'execs Table 2'!E62,'execs Table 2'!G62,'execs Table 2'!I62,'execs Table 2'!K62) -> 180.6 | T14: =AVERAGE('execs Table 2'!D62,'execs Table 2'!F62,'execs Table 2'!H62,'execs Table 2'!J62,'execs Table 2'!L62) -> 0.3976 | U14: =(S14-$AR14)/$AR14 -> 0.0022197558 | V14: =IF(S14=$AR14,1,0) -> 0 | W14: =AVERAGE('execs Table 2'!C90,'execs Table 2'!E90,'execs Table 2'!G90,'execs Table 2'!I90,'execs Table 2'!K90) -> 180.6 | X14: =AVERAGE('execs Table 2'!D90,'execs Table 2'!F90,'execs Table 2'!H90,'execs Table 2'!J90,'execs Table 2'!L90) -> 0.838 | Y14: =(W14-$AR14)/$AR14 -> 0.0022197558 | Z14: =IF(W14=$AR14,1,0) -> 0 | AR14: =MIN(C14,G14,K14,O14,S14,W14,AA14,AE14,AI14,AM14) -> 180.2
B15: bcsstk01.mtx | C15: =AVERAGE('execs Table 2'!C119,'execs Table 2'!E119,'execs Table 2'!G119,'execs Table 2'!I119,'execs Table 2'!K119) -> 18 | D15: =AVERAGE('execs Table 2'!D119,'execs Table 2'!F119,'execs Table 2'!H119,'execs Table 2'!J119,'execs Table 2'!L119) -> 0.0216 | E15: =(C15-$AR15)/$AR15 -> 0 | F15: =IF(C15=$AR15,1,0) -> 1 | G15: =AVERAGE('execs Table 2'!C147,'execs Table 2'!E147,'execs Table 2'!G147,'execs Table 2'!I147,'execs Table 2'!K147) -> 18.6 | H15: =AVERAGE('execs Table 2'!D147,'execs Table 2'!F147,'execs Table 2'!H147,'execs Table 2'!J147,'execs Table 2'!L147) -> 0.0188 | I15: =(G15-$AR15)/$AR15 -> 0.033333333 | J15: =IF(G15=$AR15,1,0) -> 0 | K15: =AVERAGE('execs Table 2'!C35,'execs Table 2'!E35,'execs Table 2'!G35,'execs Table 2'!I35,'execs Table 2'!K35) -> 22 | L15: =AVERAGE('execs Table 2'!D35,'execs Table 2'!F35,'execs Table 2'!H35,'execs Table 2'!J35,'execs Table 2'!L35) -> 0.0364 | M15: =(K15-$AR15)/$AR15 -> 0.22222222 | N15: =IF(K15=$AR15,1,0) -> 0 | O15: =AVERAGE('execs Table 2'!C7,'execs Table 2'!E7,'execs Table 2'!G7,'execs Table 2'!I7,'execs Table 2'!K7) -> 18 | P15: =AVERAGE('execs Table 2'!D7,'execs Table 2'!F7,'execs Table 2'!H7,'execs Table 2'!J7,'execs Table 2'!L7) -> 0.0186 | Q15: =(O15-$AR15)/$AR15 -> 0 | R15: =IF(O15=$AR15,1,0) -> 1 | S15: =AVERAGE('execs Table 2'!C63,'execs Table 2'!E63,'execs Table 2'!G63,'execs Table 2'!I63,'execs Table 2'!K63) -> 18 | T15: =AVERAGE('execs Table 2'!D63,'execs Table 2'!F63,'execs Table 2'!H63,'execs Table 2'!J63,'execs Table 2'!L63) -> 0.0158 | U15: =(S15-$AR15)/$AR15 -> 0 | V15: =IF(S15=$AR15,1,0) -> 1 | W15: =AVERAGE('execs Table 2'!C91,'execs Table 2'!E91,'execs Table 2'!G91,'execs Table 2'!I91,'execs Table 2'!K91) -> 18 | X15: =AVERAGE('execs Table 2'!D91,'execs Table 2'!F91,'execs Table 2'!H91,'execs Table 2'!J91,'execs Table 2'!L91) -> 0.0208 | Y15: =(W15-$AR15)/$AR15 -> 0 | Z15: =IF(W15=$AR15,1,0) -> 1 | AR15: =MIN(C15,G15,K15,O15,S15,W15,AA15,AE15,AI15,AM15) -> 18
B16: bp_0.mtx | C16: =AVERAGE('execs Table 2'!C120,'execs Table 2'!E120,'execs Table 2'!G120,'execs Table 2'!I120,'execs Table 2'!K120) -> 333 | D16: =AVERAGE('execs Table 2'!D120,'execs Table 2'!F120,'execs Table 2'!H120,'execs Table 2'!J120,'execs Table 2'!L120) -> 19.2766 | E16: =(C16-$AR16)/$AR16 -> 0 | F16: =IF(C16=$AR16,1,0) -> 1 | G16: =AVERAGE('execs Table 2'!C148,'execs Table 2'!E148,'execs Table 2'!G148,'execs Table 2'!I148,'execs Table 2'!K148) -> 335.4 | H16: =AVERAGE('execs Table 2'!D148,'execs Table 2'!F148,'execs Table 2'!H148,'execs Table 2'!J148,'execs Table 2'!L148) -> 17.6284 | I16: =(G16-$AR16)/$AR16 -> 0.0072072072 | J16: =IF(G16=$AR16,1,0) -> 0 | K16: =AVERAGE('execs Table 2'!C36,'execs Table 2'!E36,'execs Table 2'!G36,'execs Table 2'!I36,'execs Table 2'!K36) -> 347.2 | L16: =AVERAGE('execs Table 2'!D36,'execs Table 2'!F36,'execs Table 2'!H36,'execs Table 2'!J36,'execs Table 2'!L36) -> 132.9384 | M16: =(K16-$AR16)/$AR16 -> 0.042642643 | N16: =IF(K16=$AR16,1,0) -> 0 | O16: =AVERAGE('execs Table 2'!C8,'execs Table 2'!E8,'execs Table 2'!G8,'execs Table 2'!I8,'execs Table 2'!K8) -> 333.8 | P16: =AVERAGE('execs Table 2'!D8,'execs Table 2'!F8,'execs Table 2'!H8,'execs Table 2'!J8,'execs Table 2'!L8) -> 18.763 | Q16: =(O16-$AR16)/$AR16 -> 0.0024024024 | R16: =IF(O16=$AR16,1,0) -> 0 | S16: =AVERAGE('execs Table 2'!C64,'execs Table 2'!E64,'execs Table 2'!G64,'execs Table 2'!I64,'execs Table 2'!K64) -> 333.4 | T16: =AVERAGE('execs Table 2'!D64,'execs Table 2'!F64,'execs Table 2'!H64,'execs Table 2'!J64,'execs Table 2'!L64) -> 15.4398 | U16: =(S16-$AR16)/$AR16 -> 0.0012012012 | V16: =IF(S16=$AR16,1,0) -> 0 | W16: =AVERAGE('execs Table 2'!C92,'execs Table 2'!E92,'execs Table 2'!G92,'execs Table 2'!I92,'execs Table 2'!K92) -> 333.4 | X16: =AVERAGE('execs Table 2'!D92,'execs Table 2'!F92,'execs Table 2'!H92,'execs Table 2'!J92,'execs Table 2'!L92) -> 23.1158 | Y16: =(W16-$AR16)/$AR16 -> 0.0012012012 | Z16: =IF(W16=$AR16,1,0) -> 0 | AR16: =MIN(C16,G16,K16,O16,S16,W16,AA16,AE16,AI16,AM16) -> 333
B17: can_161.mtx | C17: =AVERAGE('execs Table 2'!C121,'execs Table 2'!E121,'execs Table 2'!G121,'execs Table 2'!I121,'execs Table 2'!K121) -> 57 | D17: =AVERAGE('execs Table 2'!D121,'execs Table 2'!F121,'execs Table 2'!H121,'execs Table 2'!J121,'execs Table 2'!L121) -> 0.0862 | E17: =(C17-$AR17)/$AR17 -> 0 | F17: =IF(C17=$AR17,1,0) -> 1 | G17: =AVERAGE('execs Table 2'!C149,'execs Table 2'!E149,'execs Table 2'!G149,'execs Table 2'!I149,'execs Table 2'!K149) -> 57 | H17: =AVERAGE('execs Table 2'!D149,'execs Table 2'!F149,'execs Table 2'!H149,'execs Table 2'!J149,'execs Table 2'!L149) -> 0.088800001 | I17: =(G17-$AR17)/$AR17 -> 0 | J17: =IF(G17=$AR17,1,0) -> 1 | K17: =AVERAGE('execs Table 2'!C37,'execs Table 2'!E37,'execs Table 2'!G37,'execs Table 2'!I37,'execs Table 2'!K37) -> 57.4 | L17: =AVERAGE('execs Table 2'!D37,'execs Table 2'!F37,'execs Table 2'!H37,'execs Table 2'!J37,'execs Table 2'!L37) -> 0.7224 | M17: =(K17-$AR17)/$AR17 -> 0.0070175439 | N17: =IF(K17=$AR17,1,0) -> 0 | O17: =AVERAGE('execs Table 2'!C9,'execs Table 2'!E9,'execs Table 2'!G9,'execs Table 2'!I9,'execs Table 2'!K9) -> 57 | P17: =AVERAGE('execs Table 2'!D9,'execs Table 2'!F9,'execs Table 2'!H9,'execs Table 2'!J9,'execs Table 2'!L9) -> 0.086400001 | Q17: =(O17-$AR17)/$AR17 -> 0 | R17: =IF(O17=$AR17,1,0) -> 1 | S17: =AVERAGE('execs Table 2'!C65,'execs Table 2'!E65,'execs Table 2'!G65,'execs Table 2'!I65,'execs Table 2'!K65) -> 57 | T17: =AVERAGE('execs Table 2'!D65,'execs Table 2'!F65,'execs Table 2'!H65,'execs Table 2'!J65,'execs Table 2'!L65) -> 0.0836 | U17: =(S17-$AR17)/$AR17 -> 0 | V17: =IF(S17=$AR17,1,0) -> 1 | W17: =AVERAGE('execs Table 2'!C93,'execs Table 2'!E93,'execs Table 2'!G93,'execs Table 2'!I93,'execs Table 2'!K93) -> 57 | X17: =AVERAGE('execs Table 2'!D93,'execs Table 2'!F93,'execs Table 2'!H93,'execs Table 2'!J93,'execs Table 2'!L93) -> 0.093200001 | Y17: =(W17-$AR17)/$AR17 -> 0 | Z17: =IF(W17=$AR17,1,0) -> 1 | AR17: =MIN(C17,G17,K17,O17,S17,W17,AA17,AE17,AI17,AM17) -> 57
B18: cavity03.mtx | C18: =AVERAGE('execs Table 2'!C122,'execs Table 2'!E122,'execs Table 2'!G122,'execs Table 2'!I122,'execs Table 2'!K122) -> 26 | D18: =AVERAGE('execs Table 2'!D122,'execs Table 2'!F122,'execs Table 2'!H122,'execs Table 2'!J122,'execs Table 2'!L122) -> 6.4646 | E18: =(C18-$AR18)/$AR18 -> 0 | F18: =IF(C18=$AR18,1,0) -> 1 | G18: =AVERAGE('execs Table 2'!C150,'execs Table 2'!E150,'execs Table 2'!G150,'execs Table 2'!I150,'execs Table 2'!K150) -> 26 | H18: =AVERAGE('execs Table 2'!D150,'execs Table 2'!F150,'execs Table 2'!H150,'execs Table 2'!J150,'execs Table 2'!L150) -> 6.4794001 | I18: =(G18-$AR18)/$AR18 -> 0 | J18: =IF(G18=$AR18,1,0) -> 1 | K18: =AVERAGE('execs Table 2'!C38,'execs Table 2'!E38,'execs Table 2'!G38,'execs Table 2'!I38,'execs Table 2'!K38) -> 26 | L18: =AVERAGE('execs Table 2'!D38,'execs Table 2'!F38,'execs Table 2'!H38,'execs Table 2'!J38,'execs Table 2'!L38) -> 22.7672 | M18: =(K18-$AR18)/$AR18 -> 0 | N18: =IF(K18=$AR18,1,0) -> 1 | O18: =AVERAGE('execs Table 2'!C10,'execs Table 2'!E10,'execs Table 2'!G10,'execs Table 2'!I10,'execs Table 2'!K10) -> 26 | P18: =AVERAGE('execs Table 2'!D10,'execs Table 2'!F10,'execs Table 2'!H10,'execs Table 2'!J10,'execs Table 2'!L10) -> 6.0879998 | Q18: =(O18-$AR18)/$AR18 -> 0 | R18: =IF(O18=$AR18,1,0) -> 1 | S18: =AVERAGE('execs Table 2'!C66,'execs Table 2'!E66,'execs Table 2'!G66,'execs Table 2'!I66,'execs Table 2'!K66) -> 26 | T18: =AVERAGE('execs Table 2'!D66,'execs Table 2'!F66,'execs Table 2'!H66,'execs Table 2'!J66,'execs Table 2'!L66) -> 5.683 | U18: =(S18-$AR18)/$AR18 -> 0 | V18: =IF(S18=$AR18,1,0) -> 1 | W18: =AVERAGE('execs Table 2'!C94,'execs Table 2'!E94,'execs Table 2'!G94,'execs Table 2'!I94,'execs Table 2'!K94) -> 26 | X18: =AVERAGE('execs Table 2'!D94,'execs Table 2'!F94,'execs Table 2'!H94,'execs Table 2'!J94,'execs Table 2'!L94) -> 6.9178 | Y18: =(W18-$AR18)/$AR18 -> 0 | Z18: =IF(W18=$AR18,1,0) -> 1 | AR18: =MIN(C18,G18,K18,O18,S18,W18,AA18,AE18,AI18,AM18) -> 26
B19: ck656.mtx | C19: =AVERAGE('execs Table 2'!C123,'execs Table 2'!E123,'execs Table 2'!G123,'execs Table 2'!I123,'execs Table 2'!K123) -> 295 | D19: =AVERAGE('execs Table 2'!D123,'execs Table 2'!F123,'execs Table 2'!H123,'execs Table 2'!J123,'execs Table 2'!L123) -> 33.276599 | E19: =(C19-$AR19)/$AR19 -> 0.0068259386 | F19: =IF(C19=$AR19,1,0) -> 0 | G19: =AVERAGE('execs Table 2'!C151,'execs Table 2'!E151,'execs Table 2'!G151,'execs Table 2'!I151,'execs Table 2'!K151) -> 298.4 | H19: =AVERAGE('execs Table 2'!D151,'execs Table 2'!F151,'execs Table 2'!H151,'execs Table 2'!J151,'execs Table 2'!L151) -> 29.4406 | I19: =(G19-$AR19)/$AR19 -> 0.018430034 | J19: =IF(G19=$AR19,1,0) -> 0 | K19: =AVERAGE('execs Table 2'!C39,'execs Table 2'!E39,'execs Table 2'!G39,'execs Table 2'!I39,'execs Table 2'!K39) -> 302 | L19: =AVERAGE('execs Table 2'!D39,'execs Table 2'!F39,'execs Table 2'!H39,'execs Table 2'!J39,'execs Table 2'!L39) -> 66.821999 | M19: =(K19-$AR19)/$AR19 -> 0.030716724 | N19: =IF(K19=$AR19,1,0) -> 0 | O19: =AVERAGE('execs Table 2'!C11,'execs Table 2'!E11,'execs Table 2'!G11,'execs Table 2'!I11,'execs Table 2'!K11) -> 293 | P19: =AVERAGE('execs Table 2'!D11,'execs Table 2'!F11,'execs Table 2'!H11,'execs Table 2'!J11,'execs Table 2'!L11) -> 40.9072 | Q19: =(O19-$AR19)/$AR19 -> 0 | R19: =IF(O19=$AR19,1,0) -> 1 | S19: =AVERAGE('execs Table 2'!C67,'execs Table 2'!E67,'execs Table 2'!G67,'execs Table 2'!I67,'execs Table 2'!K67) -> 294.8 | T19: =AVERAGE('execs Table 2'!D67,'execs Table 2'!F67,'execs Table 2'!H67,'execs Table 2'!J67,'execs Table 2'!L67) -> 26.4606 | U19: =(S19-$AR19)/$AR19 -> 0.0061433447 | V19: =IF(S19=$AR19,1,0) -> 0 | W19: =AVERAGE('execs Table 2'!C95,'execs Table 2'!E95,'execs Table 2'!G95,'execs Table 2'!I95,'execs Table 2'!K95) -> 297.6 | X19: =AVERAGE('execs Table 2'!D95,'execs Table 2'!F95,'execs Table 2'!H95,'execs Table 2'!J95,'execs Table 2'!L95) -> 45.446201 | Y19: =(W19-$AR19)/$AR19 -> 0.015699659 | Z19: =IF(W19=$AR19,1,0) -> 0 | AR19: =MIN(C19,G19,K19,O19,S19,W19,AA19,AE19,AI19,AM19) -> 293
B20: dwt_361.mtx | C20: =AVERAGE('execs Table 2'!C124,'execs Table 2'!E124,'execs Table 2'!G124,'execs Table 2'!I124,'execs Table 2'!K124) -> 150 | D20: =AVERAGE('execs Table 2'!D124,'execs Table 2'!F124,'execs Table 2'!H124,'execs Table 2'!J124,'execs Table 2'!L124) -> 0.73779999 | E20: =(C20-$AR20)/$AR20 -> 0.0026737968 | F20: =IF(C20=$AR20,1,0) -> 0 | G20: =AVERAGE('execs Table 2'!C152,'execs Table 2'!E152,'execs Table 2'!G152,'execs Table 2'!I152,'execs Table 2'!K152) -> 150.2 | H20: =AVERAGE('execs Table 2'!D152,'execs Table 2'!F152,'execs Table 2'!H152,'execs Table 2'!J152,'execs Table 2'!L152) -> 0.7752 | I20: =(G20-$AR20)/$AR20 -> 0.0040106952 | J20: =IF(G20=$AR20,1,0) -> 0 | K20: =AVERAGE('execs Table 2'!C40,'execs Table 2'!E40,'execs Table 2'!G40,'execs Table 2'!I40,'execs Table 2'!K40) -> 156.4 | L20: =AVERAGE('execs Table 2'!D40,'execs Table 2'!F40,'execs Table 2'!H40,'execs Table 2'!J40,'execs Table 2'!L40) -> 5.7332 | M20: =(K20-$AR20)/$AR20 -> 0.045454545 | N20: =IF(K20=$AR20,1,0) -> 0 | O20: =AVERAGE('execs Table 2'!C12,'execs Table 2'!E12,'execs Table 2'!G12,'execs Table 2'!I12,'execs Table 2'!K12) -> 150.6 | P20: =AVERAGE('execs Table 2'!D12,'execs Table 2'!F12,'execs Table 2'!H12,'execs Table 2'!J12,'execs Table 2'!L12) -> 0.79940001 | Q20: =(O20-$AR20)/$AR20 -> 0.006684492 | R20: =IF(O20=$AR20,1,0) -> 0 | S20: =AVERAGE('execs Table 2'!C68,'execs Table 2'!E68,'execs Table 2'!G68,'execs Table 2'!I68,'execs Table 2'!K68) -> 149.6 | T20: =AVERAGE('execs Table 2'!D68,'execs Table 2'!F68,'execs Table 2'!H68,'execs Table 2'!J68,'execs Table 2'!L68) -> 0.67360001 | U20: =(S20-$AR20)/$AR20 -> 0 | V20: =IF(S20=$AR20,1,0) -> 1 | W20: =AVERAGE('execs Table 2'!C96,'execs Table 2'!E96,'execs Table 2'!G96,'execs Table 2'!I96,'execs Table 2'!K96) -> 150.2 | X20: =AVERAGE('execs Table 2'!D96,'execs Table 2'!F96,'execs Table 2'!H96,'execs Table 2'!J96,'execs Table 2'!L96) -> 0.91839999 | Y20: =(W20-$AR20)/$AR20 -> 0.0040106952 | Z20: =IF(W20=$AR20,1,0) -> 0 | AR20: =MIN(C20,G20,K20,O20,S20,W20,AA20,AE20,AI20,AM20) -> 149.6
B21: dwt_59.mtx | C21: =AVERAGE('execs Table 2'!C125,'execs Table 2'!E125,'execs Table 2'!G125,'execs Table 2'!I125,'execs Table 2'!K125) -> 43.6 | D21: =AVERAGE('execs Table 2'!D125,'execs Table 2'!F125,'execs Table 2'!H125,'execs Table 2'!J125,'execs Table 2'!L125) -> 0.0072000002 | E21: =(C21-$AR21)/$AR21 -> 0 | F21: =IF(C21=$AR21,1,0) -> 1 | G21: =AVERAGE('execs Table 2'!C153,'execs Table 2'!E153,'execs Table 2'!G153,'execs Table 2'!I153,'execs Table 2'!K153) -> 43.6 | H21: =AVERAGE('execs Table 2'!D153,'execs Table 2'!F153,'execs Table 2'!H153,'execs Table 2'!J153,'execs Table 2'!L153) -> 0.0074000001 | I21: =(G21-$AR21)/$AR21 -> 0 | J21: =IF(G21=$AR21,1,0) -> 1 | K21: =AVERAGE('execs Table 2'!C41,'execs Table 2'!E41,'execs Table 2'!G41,'execs Table 2'!I41,'execs Table 2'!K41) -> 44.6 | L21: =AVERAGE('execs Table 2'!D41,'execs Table 2'!F41,'execs Table 2'!H41,'execs Table 2'!J41,'execs Table 2'!L41) -> 0.0202 | M21: =(K21-$AR21)/$AR21 -> 0.02293578 | N21: =IF(K21=$AR21,1,0) -> 0 | O21: =AVERAGE('execs Table 2'!C13,'execs Table 2'!E13,'execs Table 2'!G13,'execs Table 2'!I13,'execs Table 2'!K13) -> 43.8 | P21: =AVERAGE('execs Table 2'!D13,'execs Table 2'!F13,'execs Table 2'!H13,'execs Table 2'!J13,'execs Table 2'!L13) -> 0.0076000001 | Q21: =(O21-$AR21)/$AR21 -> 0.004587156 | R21: =IF(O21=$AR21,1,0) -> 0 | S21: =AVERAGE('execs Table 2'!C69,'execs Table 2'!E69,'execs Table 2'!G69,'execs Table 2'!I69,'execs Table 2'!K69) -> 44 | T21: =AVERAGE('execs Table 2'!D69,'execs Table 2'!F69,'execs Table 2'!H69,'execs Table 2'!J69,'execs Table 2'!L69) -> 0.0050000001 | U21: =(S21-$AR21)/$AR21 -> 0.0091743119 | V21: =IF(S21=$AR21,1,0) -> 0 | W21: =AVERAGE('execs Table 2'!C97,'execs Table 2'!E97,'execs Table 2'!G97,'execs Table 2'!I97,'execs Table 2'!K97) -> 43.6 | X21: =AVERAGE('execs Table 2'!D97,'execs Table 2'!F97,'execs Table 2'!H97,'execs Table 2'!J97,'execs Table 2'!L97) -> 0.0086000001 | Y21: =(W21-$AR21)/$AR21 -> 0 | Z21: =IF(W21=$AR21,1,0) -> 1 | AR21: =MIN(C21,G21,K21,O21,S21,W21,AA21,AE21,AI21,AM21) -> 43.6
B22: e05r0200.mtx | C22: =AVERAGE('execs Table 2'!C126,'execs Table 2'!E126,'execs Table 2'!G126,'execs Table 2'!I126,'execs Table 2'!K126) -> 18 | D22: =AVERAGE('execs Table 2'!D126,'execs Table 2'!F126,'execs Table 2'!H126,'execs Table 2'!J126,'execs Table 2'!L126) -> 11.9918 | E22: =(C22-$AR22)/$AR22 -> 0 | F22: =IF(C22=$AR22,1,0) -> 1 | G22: =AVERAGE('execs Table 2'!C154,'execs Table 2'!E154,'execs Table 2'!G154,'execs Table 2'!I154,'execs Table 2'!K154) -> 18 | H22: =AVERAGE('execs Table 2'!D154,'execs Table 2'!F154,'execs Table 2'!H154,'execs Table 2'!J154,'execs Table 2'!L154) -> 11.7066 | I22: =(G22-$AR22)/$AR22 -> 0 | J22: =IF(G22=$AR22,1,0) -> 1 | K22: =AVERAGE('execs Table 2'!C42,'execs Table 2'!E42,'execs Table 2'!G42,'execs Table 2'!I42,'execs Table 2'!K42) -> 18 | L22: =AVERAGE('execs Table 2'!D42,'execs Table 2'!F42,'execs Table 2'!H42,'execs Table 2'!J42,'execs Table 2'!L42) -> 40.876 | M22: =(K22-$AR22)/$AR22 -> 0 | N22: =IF(K22=$AR22,1,0) -> 1 | O22: =AVERAGE('execs Table 2'!C14,'execs Table 2'!E14,'execs Table 2'!G14,'execs Table 2'!I14,'execs Table 2'!K14) -> 18 | P22: =AVERAGE('execs Table 2'!D14,'execs Table 2'!F14,'execs Table 2'!H14,'execs Table 2'!J14,'execs Table 2'!L14) -> 11.1266 | Q22: =(O22-$AR22)/$AR22 -> 0 | R22: =IF(O22=$AR22,1,0) -> 1 | S22: =AVERAGE('execs Table 2'!C70,'execs Table 2'!E70,'execs Table 2'!G70,'execs Table 2'!I70,'execs Table 2'!K70) -> 18 | T22: =AVERAGE('execs Table 2'!D70,'execs Table 2'!F70,'execs Table 2'!H70,'execs Table 2'!J70,'execs Table 2'!L70) -> 10.1384 | U22: =(S22-$AR22)/$AR22 -> 0 | V22: =IF(S22=$AR22,1,0) -> 1 | W22: =AVERAGE('execs Table 2'!C98,'execs Table 2'!E98,'execs Table 2'!G98,'execs Table 2'!I98,'execs Table 2'!K98) -> 18 | X22: =AVERAGE('execs Table 2'!D98,'execs Table 2'!F98,'execs Table 2'!H98,'execs Table 2'!J98,'execs Table 2'!L98) -> 13.014 | Y22: =(W22-$AR22)/$AR22 -> 0 | Z22: =IF(W22=$AR22,1,0) -> 1 | AR22: =MIN(C22,G22,K22,O22,S22,W22,AA22,AE22,AI22,AM22) -> 18
B23: fs_541_2.mtx | C23: =AVERAGE('execs Table 2'!C127,'execs Table 2'!E127,'execs Table 2'!G127,'execs Table 2'!I127,'execs Table 2'!K127) -> 3 | D23: =AVERAGE('execs Table 2'!D127,'execs Table 2'!F127,'execs Table 2'!H127,'execs Table 2'!J127,'execs Table 2'!L127) -> 15.6832 | E23: =(C23-$AR23)/$AR23 -> 0 | F23: =IF(C23=$AR23,1,0) -> 1 | G23: =AVERAGE('execs Table 2'!C155,'execs Table 2'!E155,'execs Table 2'!G155,'execs Table 2'!I155,'execs Table 2'!K155) -> 3 | H23: =AVERAGE('execs Table 2'!D155,'execs Table 2'!F155,'execs Table 2'!H155,'execs Table 2'!J155,'execs Table 2'!L155) -> 16.7866 | I23: =(G23-$AR23)/$AR23 -> 0 | J23: =IF(G23=$AR23,1,0) -> 1 | K23: =AVERAGE('execs Table 2'!C43,'execs Table 2'!E43,'execs Table 2'!G43,'execs Table 2'!I43,'execs Table 2'!K43) -> 3 | L23: =AVERAGE('execs Table 2'!D43,'execs Table 2'!F43,'execs Table 2'!H43,'execs Table 2'!J43,'execs Table 2'!L43) -> 96.309399 | M23: =(K23-$AR23)/$AR23 -> 0 | N23: =IF(K23=$AR23,1,0) -> 1 | O23: =AVERAGE('execs Table 2'!C15,'execs Table 2'!E15,'execs Table 2'!G15,'execs Table 2'!I15,'execs Table 2'!K15) -> 3 | P23: =AVERAGE('execs Table 2'!D15,'execs Table 2'!F15,'execs Table 2'!H15,'execs Table 2'!J15,'execs Table 2'!L15) -> 12.496 | Q23: =(O23-$AR23)/$AR23 -> 0 | R23: =IF(O23=$AR23,1,0) -> 1 | S23: =AVERAGE('execs Table 2'!C71,'execs Table 2'!E71,'execs Table 2'!G71,'execs Table 2'!I71,'execs Table 2'!K71) -> 3 | T23: =AVERAGE('execs Table 2'!D71,'execs Table 2'!F71,'execs Table 2'!H71,'execs Table 2'!J71,'execs Table 2'!L71) -> 11.3722 | U23: =(S23-$AR23)/$AR23 -> 0 | V23: =IF(S23=$AR23,1,0) -> 1 | W23: =AVERAGE('execs Table 2'!C99,'execs Table 2'!E99,'execs Table 2'!G99,'execs Table 2'!I99,'execs Table 2'!K99) -> 3 | X23: =AVERAGE('execs Table 2'!D99,'execs Table 2'!F99,'execs Table 2'!H99,'execs Table 2'!J99,'execs Table 2'!L99) -> 20.2556 | Y23: =(W23-$AR23)/$AR23 -> 0 | Z23: =IF(W23=$AR23,1,0) -> 1 | AR23: =MIN(C23,G23,K23,O23,S23,W23,AA23,AE23,AI23,AM23) -> 3
... B37: will199.mtx | C37: =AVERAGE('execs Table 2'!C141,'execs Table 2'!E141,'execs Table 2'!G141,'execs Table 2'!I141,'execs Table 2'!K141) -> 93.4 | D37: =AVERAGE('execs Table 2'!D141,'execs Table 2'!F141,'execs Table 2'!H141,'execs Table 2'!J141,'execs Table 2'!L141) -> 0.3208 | E37: =(C37-$AR37)/$AR37 -> 0.0086393089 | F37: =IF(C37=$AR37,1,0) -> 0 | G37: =AVERAGE('execs Table 2'!C169,'execs Table 2'!E169,'execs Table 2'!G169,'execs Table 2'!I169,'execs Table 2'!K169) -> 94.6 | H37: =AVERAGE('execs Table 2'!D169,'execs Table 2'!F169,'execs Table 2'!H169,'execs Table 2'!J169,'execs Table 2'!L169) -> 0.2812 | I37: =(G37-$AR37)/$AR37 -> 0.021598272 | J37: =IF(G37=$AR37,1,0) -> 0 | K37: =AVERAGE('execs Table 2'!C57,'execs Table 2'!E57,'execs Table 2'!G57,'execs Table 2'!I57,'execs Table 2'!K57) -> 99.8 | L37: =AVERAGE('execs Table 2'!D57,'execs Table 2'!F57,'execs Table 2'!H57,'execs Table 2'!J57,'execs Table 2'!L57) -> 1.3362 | M37: =(K37-$AR37)/$AR37 -> 0.07775378 | N37: =IF(K37=$AR37,1,0) -> 0 | O37: =AVERAGE('execs Table 2'!C29,'execs Table 2'!E29,'execs Table 2'!G29,'execs Table 2'!I29,'execs Table 2'!K29) -> 92.8 | P37: =AVERAGE('execs Table 2'!D29,'execs Table 2'!F29,'execs Table 2'!H29,'execs Table 2'!J29,'execs Table 2'!L29) -> 0.3038 | Q37: =(O37-$AR37)/$AR37 -> 0.0021598272 | R37: =IF(O37=$AR37,1,0) -> 0 | S37: =AVERAGE('execs Table 2'!C85,'execs Table 2'!E85,'execs Table 2'!G85,'execs Table 2'!I85,'execs Table 2'!K85) -> 94 | T37: =AVERAGE('execs Table 2'!D85,'execs Table 2'!F85,'execs Table 2'!H85,'execs Table 2'!J85,'execs Table 2'!L85) -> 0.2762 | U37: =(S37-$AR37)/$AR37 -> 0.01511879 | V37: =IF(S37=$AR37,1,0) -> 0 | W37: =AVERAGE('execs Table 2'!C113,'execs Table 2'!E113,'execs Table 2'!G113,'execs Table 2'!I113,'execs Table 2'!K113) -> 92.6 | X37: =AVERAGE('execs Table 2'!D113,'execs Table 2'!F113,'execs Table 2'!H113,'execs Table 2'!J113,'execs Table 2'!L113) -> 0.3022 | Y37: =(W37-$AR37)/$AR37 -> 0 | Z37: =IF(W37=$AR37,1,0) -> 1 | AR37: =MIN(C37,G37,K37,O37,S37,W37,AA37,AE37,AI37,AM37) -> 92.6

Sheet Table 3
B2: Post-processing? | C2: Avg. | D2: Time | E2: Dev. | F2: #best
B3: =C6 -> No | C3: =AVERAGE(C8:C33) -> 160.07692 | D3: =AVERAGE(D8:D33) -> 6.4622308 | E3: =AVERAGE(E8:E33) -> 0.020703629 | F3: =SUM(F8:F33) -> 12
B4: =G6 -> Yes | C4: =AVERAGE(G8:G33) -> 154.30769 | D4: =AVERAGE(H8:H33) -> 5.6006923 | E4: =AVERAGE(I8:I33) -> 0 | F4: =SUM(J8:J33) -> 26
C6: No | G6: Yes
B7: Instance | C7: OF | D7: Time | E7: Dev | F7: Best | G7: OF | H7: Time | I7: Dev | J7: Best | O7: #best
B8: 662_bus.mtx | C8: 545 | D8: 0.92500001 | E8: =(C8-$O8)/$O8 -> 0.02443609 | F8: =IF(C8=$O8,1,0) -> 0 | G8: 532 | H8: 1.704 | I8: =(G8-$O8)/$O8 -> 0 | J8: =IF(G8=$O8,1,0) -> 1 | O8: =MIN(C8,G8) -> 532
B9: ash331.mtx | C9: 164 | D9: 0.51499999 | E9: =(C9-$O9)/$O9 -> 0.01863354 | F9: =IF(C9=$O9,1,0) -> 0 | G9: 161 | H9: 0.16500001 | I9: =(G9-$O9)/$O9 -> 0 | J9: =IF(G9=$O9,1,0) -> 1 | O9: =MIN(C9,G9) -> 161
B10: bcspwr04.mtx | C10: 184 | D10: 0.287 | E10: =(C10-$O10)/$O10 -> 0.022222222 | F10: =IF(C10=$O10,1,0) -> 0 | G10: 180 | H10: 0.35600001 | I10: =(G10-$O10)/$O10 -> 0 | J10: =IF(G10=$O10,1,0) -> 1 | O10: =MIN(C10,G10) -> 180
B11: bcsstk01.mtx | C11: 18 | D11: 0.014 | E11: =(C11-$O11)/$O11 -> 0 | F11: =IF(C11=$O11,1,0) -> 1 | G11: 18 | H11: 0.015 | I11: =(G11-$O11)/$O11 -> 0 | J11: =IF(G11=$O11,1,0) -> 1 | O11: =MIN(C11,G11) -> 18
B12: bp_0.mtx | C12: 349 | D12: 10.457 | E12: =(C12-$O12)/$O12 -> 0.048048048 | F12: =IF(C12=$O12,1,0) -> 0 | G12: 333 | H12: 11.929 | I12: =(G12-$O12)/$O12 -> 0 | J12: =IF(G12=$O12,1,0) -> 1 | O12: =MIN(C12,G12) -> 333
B13: can_161.mtx | C13: 57 | D13: 0.061999999 | E13: =(C13-$O13)/$O13 -> 0 | F13: =IF(C13=$O13,1,0) -> 1 | G13: 57 | H13: 0.064000003 | I13: =(G13-$O13)/$O13 -> 0 | J13: =IF(G13=$O13,1,0) -> 1 | O13: =MIN(C13,G13) -> 57
B14: cavity03.mtx | C14: 26 | D14: 4.5830002 | E14: =(C14-$O14)/$O14 -> 0 | F14: =IF(C14=$O14,1,0) -> 1 | G14: 26 | H14: 4.698 | I14: =(G14-$O14)/$O14 -> 0 | J14: =IF(G14=$O14,1,0) -> 1 | O14: =MIN(C14,G14) -> 26
B15: ck656.mtx | C15: 321 | D15: 59.396 | E15: =(C15-$O15)/$O15 -> 0.099315068 | F15: =IF(C15=$O15,1,0) -> 0 | G15: 292 | H15: 36.973 | I15: =(G15-$O15)/$O15 -> 0 | J15: =IF(G15=$O15,1,0) -> 1 | O15: =MIN(C15,G15) -> 292
B16: dwt_361.mtx | C16: 152 | D16: 0.78799999 | E16: =(C16-$O16)/$O16 -> 0.020134228 | F16: =IF(C16=$O16,1,0) -> 0 | G16: 149 | H16: 0.43900001 | I16: =(G16-$O16)/$O16 -> 0 | J16: =IF(G16=$O16,1,0) -> 1 | O16: =MIN(C16,G16) -> 149
B17: dwt_59.mtx | C17: 43 | D17: 0.0060000001 | E17: =(C17-$O17)/$O17 -> 0 | F17: =IF(C17=$O17,1,0) -> 1 | G17: 43 | H17: 0.0049999999 | I17: =(G17-$O17)/$O17 -> 0 | J17: =IF(G17=$O17,1,0) -> 1 | O17: =MIN(C17,G17) -> 43
B18: e05r0200.mtx | C18: 18 | D18: 8.9119997 | E18: =(C18-$O18)/$O18 -> 0 | F18: =IF(C18=$O18,1,0) -> 1 | G18: 18 | H18: 9.2220001 | I18: =(G18-$O18)/$O18 -> 0 | J18: =IF(G18=$O18,1,0) -> 1 | O18: =MIN(C18,G18) -> 18
B19: fs_541_2.mtx | C19: 3 | D19: 12.59 | E19: =(C19-$O19)/$O19 -> 0 | F19: =IF(C19=$O19,1,0) -> 1 | G19: 3 | H19: 12.699 | I19: =(G19-$O19)/$O19 -> 0 | J19: =IF(G19=$O19,1,0) -> 1 | O19: =MIN(C19,G19) -> 3
... B33: will199.mtx | C33: 99 | D33: 0.17200001 | E33: =(C33-$O33)/$O33 -> 0.042105263 | F33: =IF(C33=$O33,1,0) -> 0 | G33: 95 | H33: 0.178 | I33: =(G33-$O33)/$O33 -> 0 | J33: =IF(G33=$O33,1,0) -> 1 | O33: =MIN(C33,G33) -> 95

Sheet Figure 6
B2: Iterations | C2: Avg. | D2: Time | E2: Dev. | F2: #best
B3: =C14 -> 10 | C3: =AVERAGE(C16:C41) -> 158.88462 | D3: =AVERAGE(D16:D41) -> 0.71919231 | E3: =AVERAGE(E16:E41) -> 0.020553445 | F3: =SUM(F16:F41) -> 14
B4: =G14 -> 20 | C4: =AVERAGE(G16:G41) -> 155.73077 | D4: =AVERAGE(H16:H41) -> 1.7096538 | E4: =AVERAGE(I16:I41) -> 0.0079765803 | F4: =SUM(J16:J41) -> 17
B5: =K14 -> 30 | C5: =AVERAGE(K16:K41) -> 155.11538 | D5: =AVERAGE(L16:L41) -> 2.4369615 | E5: =AVERAGE(M16:M41) -> 0.005791204 | F5: =SUM(N16:N41) -> 19
B6: =O14 -> 40 | C6: =AVERAGE(O16:O41) -> 154.92308 | D6: =AVERAGE(P16:P41) -> 2.8276154 | E6: =AVERAGE(Q16:Q41) -> 0.0048652781 | F6: =SUM(R16:R41) -> 21
B7: =S14 -> 50 | C7: =AVERAGE(S16:S41) -> 154.53846 | D7: =AVERAGE(T16:T41) -> 3.9617308 | E7: =AVERAGE(U16:U41) -> 0.001094539 | F7: =SUM(V16:V41) -> 22
B8: =W14 -> 60 | C8: =AVERAGE(W16:W41) -> 154.5 | D8: =AVERAGE(X16:X41) -> 4.2533462 | E8: =AVERAGE(Y16:Y41) -> 0.00048403839 | F8: =SUM(Z16:Z41) -> 23
B9: =AA14 -> 70 | C9: =AVERAGE(AA16:AA41) -> 154.38462 | D9: =AVERAGE(AB16:AB41) -> 4.712154 | E9: =AVERAGE(AC16:AC41) -> 0.00026343519 | F9: =SUM(AD16:AD41) -> 25
B10: =AE14 -> 80 | C10: =AVERAGE(AE16:AE41) -> 154.30769 | D10: =AVERAGE(AF16:AF41) -> 5.6006923 | E10: =AVERAGE(AG16:AG41) -> 0 | F10: =SUM(AH16:AH41) -> 26
B11: =AI14 -> 90 | C11: =AVERAGE(AI16:AI41) -> 154.30769 | D11: =AVERAGE(AJ16:AJ41) -> 5.9903462 | E11: =AVERAGE(AK16:AK41) -> 0 | F11: =SUM(AL16:AL41) -> 26
B12: =AM14 -> 100 | C12: =AVERAGE(AM16:AM41) -> 154.30769 | D12: =AVERAGE(AN16:AN41) -> 6.3805 | E12: =AVERAGE(AO16:AO41) -> 0 | F12: =SUM(AP16:AP41) -> 26
C14: 10 | G14: 20 | K14: 30 | O14: 40 | S14: 50 | W14: 60 | AA14: 70 | AE14: 80 | AI14: 90 | AM14: 100
B15: Instance | C15: OF | D15: Time | E15: Dev | F15: Best | G15: OF | H15: Time | I15: Dev | J15: Best | K15: OF | L15: Time | M15: Dev | N15: Best | O15: OF | P15: Time | Q15: Dev | R15: Best | S15: OF | T15: Time | U15: Dev | V15: Best | W15: OF | X15: Time | Y15: Dev | Z15: Best | AA15: OF | AB15: Time | AC15: Dev | AD15: Best | AE15: OF | AF15: Time | AG15: Dev | AH15: Best | AI15: OF | AJ15: Time | AK15: Dev | AL15: Best | AM15: OF | AN15: Time | AO15: Dev | AP15: Best | AR15: #best
B16: 662_bus.mtx | C16: 535 | D16: 0.35800001 | E16: =(C16-$AR16)/$AR16 -> 0.0056390977 | F16: =IF(C16=$AR16,1,0) -> 0 | G16: 534 | H16: 0.44299999 | I16: =(G16-$AR16)/$AR16 -> 0.0037593985 | J16: =IF(G16=$AR16,1,0) -> 0 | K16: 534 | L16: 0.523 | M16: =(K16-$AR16)/$AR16 -> 0.0037593985 | N16: =IF(K16=$AR16,1,0) -> 0 | O16: 534 | P16: 0.61900002 | Q16: =(O16-$AR16)/$AR16 -> 0.0037593985 | R16: =IF(O16=$AR16,1,0) -> 0 | S16: 534 | T16: 0.71399999 | U16: =(S16-$AR16)/$AR16 -> 0.0037593985 | V16: =IF(S16=$AR16,1,0) -> 0 | W16: 534 | X16: 0.91100001 | Y16: =(W16-$AR16)/$AR16 -> 0.0037593985 | Z16: =IF(W16=$AR16,1,0) -> 0 | AA16: 532 | AB16: 1.652 | AC16: =(AA16-$AR16)/$AR16 -> 0 | AD16: =IF(AA16=$AR16,1,0) -> 1 | AE16: 532 | AF16: 1.704 | AG16: =(AE16-$AR16)/$AR16 -> 0 | AH16: =IF(AE16=$AR16,1,0) -> 1 | AI16: 532 | AJ16: 1.788 | AK16: =(AI16-$AR16)/$AR16 -> 0 | AL16: =IF(AI16=$AR16,1,0) -> 1 | AM16: 532 | AN16: 1.874 | AO16: =(AM16-$AR16)/$AR16 -> 0 | AP16: =IF(AM16=$AR16,1,0) -> 1 | AR16: =MIN(C16,G16,K16,O16,S16,W16,AA16,AE16,AI16,AM16) -> 532
B17: ash331.mtx | C17: 161 | D17: 0.061000001 | E17: =(C17-$AR17)/$AR17 -> 0 | F17: =IF(C17=$AR17,1,0) -> 1 | G17: 161 | H17: 0.07 | I17: =(G17-$AR17)/$AR17 -> 0 | J17: =IF(G17=$AR17,1,0) -> 1 | K17: 161 | L17: 0.086999997 | M17: =(K17-$AR17)/$AR17 -> 0 | N17: =IF(K17=$AR17,1,0) -> 1 | O17: 161 | P17: 0.105 | Q17: =(O17-$AR17)/$AR17 -> 0 | R17: =IF(O17=$AR17,1,0) -> 1 | S17: 161 | T17: 0.121 | U17: =(S17-$AR17)/$AR17 -> 0 | V17: =IF(S17=$AR17,1,0) -> 1 | W17: 161 | X17: 0.133 | Y17: =(W17-$AR17)/$AR17 -> 0 | Z17: =IF(W17=$AR17,1,0) -> 1 | AA17: 161 | AB17: 0.15000001 | AC17: =(AA17-$AR17)/$AR17 -> 0 | AD17: =IF(AA17=$AR17,1,0) -> 1 | AE17: 161 | AF17: 0.16500001 | AG17: =(AE17-$AR17)/$AR17 -> 0 | AH17: =IF(AE17=$AR17,1,0) -> 1 | AI17: 161 | AJ17: 0.182 | AK17: =(AI17-$AR17)/$AR17 -> 0 | AL17: =IF(AI17=$AR17,1,0) -> 1 | AM17: 161 | AN17: 0.198 | AO17: =(AM17-$AR17)/$AR17 -> 0 | AP17: =IF(AM17=$AR17,1,0) -> 1 | AR17: =MIN(C17,G17,K17,O17,S17,W17,AA17,AE17,AI17,AM17) -> 161
B18: bcspwr04.mtx | C18: 180 | D18: 0.133 | E18: =(C18-$AR18)/$AR18 -> 0 | F18: =IF(C18=$AR18,1,0) -> 1 | G18: 180 | H18: 0.163 | I18: =(G18-$AR18)/$AR18 -> 0 | J18: =IF(G18=$AR18,1,0) -> 1 | K18: 180 | L18: 0.2 | M18: =(K18-$AR18)/$AR18 -> 0 | N18: =IF(K18=$AR18,1,0) -> 1 | O18: 180 | P18: 0.23199999 | Q18: =(O18-$AR18)/$AR18 -> 0 | R18: =IF(O18=$AR18,1,0) -> 1 | S18: 180 | T18: 0.26499999 | U18: =(S18-$AR18)/$AR18 -> 0 | V18: =IF(S18=$AR18,1,0) -> 1 | W18: 180 | X18: 0.28099999 | Y18: =(W18-$AR18)/$AR18 -> 0 | Z18: =IF(W18=$AR18,1,0) -> 1 | AA18: 180 | AB18: 0.31799999 | AC18: =(AA18-$AR18)/$AR18 -> 0 | AD18: =IF(AA18=$AR18,1,0) -> 1 | AE18: 180 | AF18: 0.35600001 | AG18: =(AE18-$AR18)/$AR18 -> 0 | AH18: =IF(AE18=$AR18,1,0) -> 1 | AI18: 180 | AJ18: 0.389 | AK18: =(AI18-$AR18)/$AR18 -> 0 | AL18: =IF(AI18=$AR18,1,0) -> 1 | AM18: 180 | AN18: 0.43700001 | AO18: =(AM18-$AR18)/$AR18 -> 0 | AP18: =IF(AM18=$AR18,1,0) -> 1 | AR18: =MIN(C18,G18,K18,O18,S18,W18,AA18,AE18,AI18,AM18) -> 180
B19: bcsstk01.mtx | C19: 20 | D19: 0.0020000001 | E19: =(C19-$AR19)/$AR19 -> 0.11111111 | F19: =IF(C19=$AR19,1,0) -> 0 | G19: 18 | H19: 0.0060000001 | I19: =(G19-$AR19)/$AR19 -> 0 | J19: =IF(G19=$AR19,1,0) -> 1 | K19: 18 | L19: 0.0070000002 | M19: =(K19-$AR19)/$AR19 -> 0 | N19: =IF(K19=$AR19,1,0) -> 1 | O19: 18 | P19: 0.0089999996 | Q19: =(O19-$AR19)/$AR19 -> 0 | R19: =IF(O19=$AR19,1,0) -> 1 | S19: 18 | T19: 0.011 | U19: =(S19-$AR19)/$AR19 -> 0 | V19: =IF(S19=$AR19,1,0) -> 1 | W19: 18 | X19: 0.011 | Y19: =(W19-$AR19)/$AR19 -> 0 | Z19: =IF(W19=$AR19,1,0) -> 1 | AA19: 18 | AB19: 0.013 | AC19: =(AA19-$AR19)/$AR19 -> 0 | AD19: =IF(AA19=$AR19,1,0) -> 1 | AE19: 18 | AF19: 0.015 | AG19: =(AE19-$AR19)/$AR19 -> 0 | AH19: =IF(AE19=$AR19,1,0) -> 1 | AI19: 18 | AJ19: 0.017000001 | AK19: =(AI19-$AR19)/$AR19 -> 0 | AL19: =IF(AI19=$AR19,1,0) -> 1 | AM19: 18 | AN19: 0.017999999 | AO19: =(AM19-$AR19)/$AR19 -> 0 | AP19: =IF(AM19=$AR19,1,0) -> 1 | AR19: =MIN(C19,G19,K19,O19,S19,W19,AA19,AE19,AI19,AM19) -> 18
B20: bp_0.mtx | C20: 335 | D20: 2.9990001 | E20: =(C20-$AR20)/$AR20 -> 0.006006006 | F20: =IF(C20=$AR20,1,0) -> 0 | G20: 333 | H20: 6.881 | I20: =(G20-$AR20)/$AR20 -> 0 | J20: =IF(G20=$AR20,1,0) -> 1 | K20: 333 | L20: 7.8969998 | M20: =(K20-$AR20)/$AR20 -> 0 | N20: =IF(K20=$AR20,1,0) -> 1 | O20: 333 | P20: 8.6829996 | Q20: =(O20-$AR20)/$AR20 -> 0 | R20: =IF(O20=$AR20,1,0) -> 1 | S20: 333 | T20: 9.6739998 | U20: =(S20-$AR20)/$AR20 -> 0 | V20: =IF(S20=$AR20,1,0) -> 1 | W20: 333 | X20: 10.032 | Y20: =(W20-$AR20)/$AR20 -> 0 | Z20: =IF(W20=$AR20,1,0) -> 1 | AA20: 333 | AB20: 11.104 | AC20: =(AA20-$AR20)/$AR20 -> 0 | AD20: =IF(AA20=$AR20,1,0) -> 1 | AE20: 333 | AF20: 11.929 | AG20: =(AE20-$AR20)/$AR20 -> 0 | AH20: =IF(AE20=$AR20,1,0) -> 1 | AI20: 333 | AJ20: 12.841 | AK20: =(AI20-$AR20)/$AR20 -> 0 | AL20: =IF(AI20=$AR20,1,0) -> 1 | AM20: 333 | AN20: 13.764 | AO20: =(AM20-$AR20)/$AR20 -> 0 | AP20: =IF(AM20=$AR20,1,0) -> 1 | AR20: =MIN(C20,G20,K20,O20,S20,W20,AA20,AE20,AI20,AM20) -> 333
B21: can_161.mtx | C21: 57 | D21: 0.0089999996 | E21: =(C21-$AR21)/$AR21 -> 0 | F21: =IF(C21=$AR21,1,0) -> 1 | G21: 57 | H21: 0.017999999 | I21: =(G21-$AR21)/$AR21 -> 0 | J21: =IF(G21=$AR21,1,0) -> 1 | K21: 57 | L21: 0.025 | M21: =(K21-$AR21)/$AR21 -> 0 | N21: =IF(K21=$AR21,1,0) -> 1 | O21: 57 | P21: 0.033 | Q21: =(O21-$AR21)/$AR21 -> 0 | R21: =IF(O21=$AR21,1,0) -> 1 | S21: 57 | T21: 0.041000001 | U21: =(S21-$AR21)/$AR21 -> 0 | V21: =IF(S21=$AR21,1,0) -> 1 | W21: 57 | X21: 0.046999998 | Y21: =(W21-$AR21)/$AR21 -> 0 | Z21: =IF(W21=$AR21,1,0) -> 1 | AA21: 57 | AB21: 0.056000002 | AC21: =(AA21-$AR21)/$AR21 -> 0 | AD21: =IF(AA21=$AR21,1,0) -> 1 | AE21: 57 | AF21: 0.064000003 | AG21: =(AE21-$AR21)/$AR21 -> 0 | AH21: =IF(AE21=$AR21,1,0) -> 1 | AI21: 57 | AJ21: 0.072999999 | AK21: =(AI21-$AR21)/$AR21 -> 0 | AL21: =IF(AI21=$AR21,1,0) -> 1 | AM21: 57 | AN21: 0.079999998 | AO21: =(AM21-$AR21)/$AR21 -> 0 | AP21: =IF(AM21=$AR21,1,0) -> 1 | AR21: =MIN(C21,G21,K21,O21,S21,W21,AA21,AE21,AI21,AM21) -> 57
B22: cavity03.mtx | C22: 26 | D22: 0.57599998 | E22: =(C22-$AR22)/$AR22 -> 0 | F22: =IF(C22=$AR22,1,0) -> 1 | G22: 26 | H22: 1.149 | I22: =(G22-$AR22)/$AR22 -> 0 | J22: =IF(G22=$AR22,1,0) -> 1 | K22: 26 | L22: 1.716 | M22: =(K22-$AR22)/$AR22 -> 0 | N22: =IF(K22=$AR22,1,0) -> 1 | O22: 26 | P22: 2.3670001 | Q22: =(O22-$AR22)/$AR22 -> 0 | R22: =IF(O22=$AR22,1,0) -> 1 | S22: 26 | T22: 2.813 | U22: =(S22-$AR22)/$AR22 -> 0 | V22: =IF(S22=$AR22,1,0) -> 1 | W22: 26 | X22: 3.4909999 | Y22: =(W22-$AR22)/$AR22 -> 0 | Z22: =IF(W22=$AR22,1,0) -> 1 | AA22: 26 | AB22: 3.9860001 | AC22: =(AA22-$AR22)/$AR22 -> 0 | AD22: =IF(AA22=$AR22,1,0) -> 1 | AE22: 26 | AF22: 4.698 | AG22: =(AE22-$AR22)/$AR22 -> 0 | AH22: =IF(AE22=$AR22,1,0) -> 1 | AI22: 26 | AJ22: 5.3439999 | AK22: =(AI22-$AR22)/$AR22 -> 0 | AL22: =IF(AI22=$AR22,1,0) -> 1 | AM22: 26 | AN22: 5.9710002 | AO22: =(AM22-$AR22)/$AR22 -> 0 | AP22: =IF(AM22=$AR22,1,0) -> 1 | AR22: =MIN(C22,G22,K22,O22,S22,W22,AA22,AE22,AI22,AM22) -> 26
B23: ck656.mtx | C23: 300 | D23: 3.9560001 | E23: =(C23-$AR23)/$AR23 -> 0.02739726 | F23: =IF(C23=$AR23,1,0) -> 0 | G23: 294 | H23: 12.672 | I23: =(G23-$AR23)/$AR23 -> 0.0068493151 | J23: =IF(G23=$AR23,1,0) -> 0 | K23: 294 | L23: 14.666 | M23: =(K23-$AR23)/$AR23 -> 0.0068493151 | N23: =IF(K23=$AR23,1,0) -> 0 | O23: 294 | P23: 16.454 | Q23: =(O23-$AR23)/$AR23 -> 0.0068493151 | R23: =IF(O23=$AR23,1,0) -> 0 | S23: 294 | T23: 18.259001 | U23: =(S23-$AR23)/$AR23 -> 0.0068493151 | V23: =IF(S23=$AR23,1,0) -> 0 | W23: 294 | X23: 19.636 | Y23: =(W23-$AR23)/$AR23 -> 0.0068493151 | Z23: =IF(W23=$AR23,1,0) -> 0 | AA23: 294 | AB23: 21.513 | AC23: =(AA23-$AR23)/$AR23 -> 0.0068493151 | AD23: =IF(AA23=$AR23,1,0) -> 0 | AE23: 292 | AF23: 36.973 | AG23: =(AE23-$AR23)/$AR23 -> 0 | AH23: =IF(AE23=$AR23,1,0) -> 1 | AI23: 292 | AJ23: 38.844002 | AK23: =(AI23-$AR23)/$AR23 -> 0 | AL23: =IF(AI23=$AR23,1,0) -> 1 | AM23: 292 | AN23: 40.669998 | AO23: =(AM23-$AR23)/$AR23 -> 0 | AP23: =IF(AM23=$AR23,1,0) -> 1 | AR23: =MIN(C23,G23,K23,O23,S23,W23,AA23,AE23,AI23,AM23) -> 292
B24: dwt_361.mtx | C24: 149 | D24: 0.152 | E24: =(C24-$AR24)/$AR24 -> 0 | F24: =IF(C24=$AR24,1,0) -> 1 | G24: 149 | H24: 0.18799999 | I24: =(G24-$AR24)/$AR24 -> 0 | J24: =IF(G24=$AR24,1,0) -> 1 | K24: 149 | L24: 0.23199999 | M24: =(K24-$AR24)/$AR24 -> 0 | N24: =IF(K24=$AR24,1,0) -> 1 | O24: 149 | P24: 0.273 | Q24: =(O24-$AR24)/$AR24 -> 0 | R24: =IF(O24=$AR24,1,0) -> 1 | S24: 149 | T24: 0.315 | U24: =(S24-$AR24)/$AR24 -> 0 | V24: =IF(S24=$AR24,1,0) -> 1 | W24: 149 | X24: 0.352 | Y24: =(W24-$AR24)/$AR24 -> 0 | Z24: =IF(W24=$AR24,1,0) -> 1 | AA24: 149 | AB24: 0.39500001 | AC24: =(AA24-$AR24)/$AR24 -> 0 | AD24: =IF(AA24=$AR24,1,0) -> 1 | AE24: 149 | AF24: 0.43900001 | AG24: =(AE24-$AR24)/$AR24 -> 0 | AH24: =IF(AE24=$AR24,1,0) -> 1 | AI24: 149 | AJ24: 0.48300001 | AK24: =(AI24-$AR24)/$AR24 -> 0 | AL24: =IF(AI24=$AR24,1,0) -> 1 | AM24: 149 | AN24: 0.52399999 | AO24: =(AM24-$AR24)/$AR24 -> 0 | AP24: =IF(AM24=$AR24,1,0) -> 1 | AR24: =MIN(C24,G24,K24,O24,S24,W24,AA24,AE24,AI24,AM24) -> 149
B25: dwt_59.mtx | C25: 43 | D25: 0.001 | E25: =(C25-$AR25)/$AR25 -> 0 | F25: =IF(C25=$AR25,1,0) -> 1 | G25: 43 | H25: 0.0020000001 | I25: =(G25-$AR25)/$AR25 -> 0 | J25: =IF(G25=$AR25,1,0) -> 1 | K25: 43 | L25: 0.0020000001 | M25: =(K25-$AR25)/$AR25 -> 0 | N25: =IF(K25=$AR25,1,0) -> 1 | O25: 43 | P25: 0.003 | Q25: =(O25-$AR25)/$AR25 -> 0 | R25: =IF(O25=$AR25,1,0) -> 1 | S25: 43 | T25: 0.003 | U25: =(S25-$AR25)/$AR25 -> 0 | V25: =IF(S25=$AR25,1,0) -> 1 | W25: 43 | X25: 0.003 | Y25: =(W25-$AR25)/$AR25 -> 0 | Z25: =IF(W25=$AR25,1,0) -> 1 | AA25: 43 | AB25: 0.0040000002 | AC25: =(AA25-$AR25)/$AR25 -> 0 | AD25: =IF(AA25=$AR25,1,0) -> 1 | AE25: 43 | AF25: 0.0049999999 | AG25: =(AE25-$AR25)/$AR25 -> 0 | AH25: =IF(AE25=$AR25,1,0) -> 1 | AI25: 43 | AJ25: 0.0049999999 | AK25: =(AI25-$AR25)/$AR25 -> 0 | AL25: =IF(AI25=$AR25,1,0) -> 1 | AM25: 43 | AN25: 0.0049999999 | AO25: =(AM25-$AR25)/$AR25 -> 0 | AP25: =IF(AM25=$AR25,1,0) -> 1 | AR25: =MIN(C25,G25,K25,O25,S25,W25,AA25,AE25,AI25,AM25) -> 43
B26: e05r0200.mtx | C26: 18 | D26: 1.16 | E26: =(C26-$AR26)/$AR26 -> 0 | F26: =IF(C26=$AR26,1,0) -> 1 | G26: 18 | H26: 2.355 | I26: =(G26-$AR26)/$AR26 -> 0 | J26: =IF(G26=$AR26,1,0) -> 1 | K26: 18 | L26: 3.526 | M26: =(K26-$AR26)/$AR26 -> 0 | N26: =IF(K26=$AR26,1,0) -> 1 | O26: 18 | P26: 4.6630001 | Q26: =(O26-$AR26)/$AR26 -> 0 | R26: =IF(O26=$AR26,1,0) -> 1 | S26: 18 | T26: 5.8070002 | U26: =(S26-$AR26)/$AR26 -> 0 | V26: =IF(S26=$AR26,1,0) -> 1 | W26: 18 | X26: 6.915 | Y26: =(W26-$AR26)/$AR26 -> 0 | Z26: =IF(W26=$AR26,1,0) -> 1 | AA26: 18 | AB26: 8.118 | AC26: =(AA26-$AR26)/$AR26 -> 0 | AD26: =IF(AA26=$AR26,1,0) -> 1 | AE26: 18 | AF26: 9.2220001 | AG26: =(AE26-$AR26)/$AR26 -> 0 | AH26: =IF(AE26=$AR26,1,0) -> 1 | AI26: 18 | AJ26: 10.049 | AK26: =(AI26-$AR26)/$AR26 -> 0 | AL26: =IF(AI26=$AR26,1,0) -> 1 | AM26: 18 | AN26: 11.46 | AO26: =(AM26-$AR26)/$AR26 -> 0 | AP26: =IF(AM26=$AR26,1,0) -> 1 | AR26: =MIN(C26,G26,K26,O26,S26,W26,AA26,AE26,AI26,AM26) -> 18
B27: fs_541_2.mtx | C27: 3 | D27: 1.891 | E27: =(C27-$AR27)/$AR27 -> 0 | F27: =IF(C27=$AR27,1,0) -> 1 | G27: 3 | H27: 3.187 | I27: =(G27-$AR27)/$AR27 -> 0 | J27: =IF(G27=$AR27,1,0) -> 1 | K27: 3 | L27: 4.8499999 | M27: =(K27-$AR27)/$AR27 -> 0 | N27: =IF(K27=$AR27,1,0) -> 1 | O27: 3 | P27: 6.5780001 | Q27: =(O27-$AR27)/$AR27 -> 0 | R27: =IF(O27=$AR27,1,0) -> 1 | S27: 3 | T27: 8.0690002 | U27: =(S27-$AR27)/$AR27 -> 0 | V27: =IF(S27=$AR27,1,0) -> 1 | W27: 3 | X27: 9.5450001 | Y27: =(W27-$AR27)/$AR27 -> 0 | Z27: =IF(W27=$AR27,1,0) -> 1 | AA27: 3 | AB27: 11.264 | AC27: =(AA27-$AR27)/$AR27 -> 0 | AD27: =IF(AA27=$AR27,1,0) -> 1 | AE27: 3 | AF27: 12.699 | AG27: =(AE27-$AR27)/$AR27 -> 0 | AH27: =IF(AE27=$AR27,1,0) -> 1 | AI27: 3 | AJ27: 14.461 | AK27: =(AI27-$AR27)/$AR27 -> 0 | AL27: =IF(AI27=$AR27,1,0) -> 1 | AM27: 3 | AN27: 16.018 | AO27: =(AM27-$AR27)/$AR27 -> 0 | AP27: =IF(AM27=$AR27,1,0) -> 1 | AR27: =MIN(C27,G27,K27,O27,S27,W27,AA27,AE27,AI27,AM27) -> 3
... B41: will199.mtx | C41: 98 | D41: 0.035 | E41: =(C41-$AR41)/$AR41 -> 0.031578947 | F41: =IF(C41=$AR41,1,0) -> 0 | G41: 98 | H41: 0.054000001 | I41: =(G41-$AR41)/$AR41 -> 0.031578947 | J41: =IF(G41=$AR41,1,0) -> 0 | K41: 95 | L41: 0.101 | M41: =(K41-$AR41)/$AR41 -> 0 | N41: =IF(K41=$AR41,1,0) -> 1 | O41: 95 | P41: 0.116 | Q41: =(O41-$AR41)/$AR41 -> 0 | R41: =IF(O41=$AR41,1,0) -> 1 | S41: 95 | T41: 0.133 | U41: =(S41-$AR41)/$AR41 -> 0 | V41: =IF(S41=$AR41,1,0) -> 1 | W41: 95 | X41: 0.145 | Y41: =(W41-$AR41)/$AR41 -> 0 | Z41: =IF(W41=$AR41,1,0) -> 1 | AA41: 95 | AB41: 0.16 | AC41: =(AA41-$AR41)/$AR41 -> 0 | AD41: =IF(AA41=$AR41,1,0) -> 1 | AE41: 95 | AF41: 0.178 | AG41: =(AE41-$AR41)/$AR41 -> 0 | AH41: =IF(AE41=$AR41,1,0) -> 1 | AI41: 95 | AJ41: 0.19 | AK41: =(AI41-$AR41)/$AR41 -> 0 | AL41: =IF(AI41=$AR41,1,0) -> 1 | AM41: 95 | AN41: 0.205 | AO41: =(AM41-$AR41)/$AR41 -> 0 | AP41: =IF(AM41=$AR41,1,0) -> 1 | AR41: =MIN(C41,G41,K41,O41,S41,W41,AA41,AE41,AI41,AM41) -> 95

Sheet Table 4
B2: Strategie | C2: Avg. | D2: Time | E2: Dev. | F2: #best
B3: =C6 -> Last accepted solution | C3: =AVERAGE(C8:C33) -> 156.46154 | D3: =AVERAGE(D8:D33) -> 5.9683077 | E3: =AVERAGE(E8:E33) -> 0.0070077837 | F3: =SUM(F8:F33) -> 18
B4: =G6 -> Best solution | C4: =AVERAGE(G8:G33) -> 154.30769 | D4: =AVERAGE(H8:H33) -> 5.6006923 | E4: =AVERAGE(I8:I33) -> 0.0033787635 | F4: =SUM(J8:J33) -> 22
C6: Last accepted solution | G6: Best solution
B7: Instance | C7: OF | D7: Time | E7: Dev | F7: Best | G7: OF | H7: Time | I7: Dev | J7: Best | O7: #best
B8: 662_bus.mtx | C8: 535 | D8: 2.515 | E8: =(C8-$O8)/$O8 -> 0.0056390977 | F8: =IF(C8=$O8,1,0) -> 0 | G8: 532 | H8: 1.704 | I8: =(G8-$O8)/$O8 -> 0 | J8: =IF(G8=$O8,1,0) -> 1 | O8: =MIN(C8,G8) -> 532
B9: ash331.mtx | C9: 160 | D9: 0.374 | E9: =(C9-$O9)/$O9 -> 0 | F9: =IF(C9=$O9,1,0) -> 1 | G9: 161 | H9: 0.16500001 | I9: =(G9-$O9)/$O9 -> 0.00625 | J9: =IF(G9=$O9,1,0) -> 0 | O9: =MIN(C9,G9) -> 160
B10: bcspwr04.mtx | C10: 181 | D10: 0.678 | E10: =(C10-$O10)/$O10 -> 0.0055555556 | F10: =IF(C10=$O10,1,0) -> 0 | G10: 180 | H10: 0.35600001 | I10: =(G10-$O10)/$O10 -> 0 | J10: =IF(G10=$O10,1,0) -> 1 | O10: =MIN(C10,G10) -> 180
B11: bcsstk01.mtx | C11: 18 | D11: 0.019 | E11: =(C11-$O11)/$O11 -> 0 | F11: =IF(C11=$O11,1,0) -> 1 | G11: 18 | H11: 0.015 | I11: =(G11-$O11)/$O11 -> 0 | J11: =IF(G11=$O11,1,0) -> 1 | O11: =MIN(C11,G11) -> 18
B12: bp_0.mtx | C12: 331 | D12: 29.151 | E12: =(C12-$O12)/$O12 -> 0 | F12: =IF(C12=$O12,1,0) -> 1 | G12: 333 | H12: 11.929 | I12: =(G12-$O12)/$O12 -> 0.0060422961 | J12: =IF(G12=$O12,1,0) -> 0 | O12: =MIN(C12,G12) -> 331
B13: can_161.mtx | C13: 57 | D13: 0.086 | E13: =(C13-$O13)/$O13 -> 0 | F13: =IF(C13=$O13,1,0) -> 1 | G13: 57 | H13: 0.064000003 | I13: =(G13-$O13)/$O13 -> 0 | J13: =IF(G13=$O13,1,0) -> 1 | O13: =MIN(C13,G13) -> 57
B14: cavity03.mtx | C14: 26 | D14: 6.299 | E14: =(C14-$O14)/$O14 -> 0 | F14: =IF(C14=$O14,1,0) -> 1 | G14: 26 | H14: 4.698 | I14: =(G14-$O14)/$O14 -> 0 | J14: =IF(G14=$O14,1,0) -> 1 | O14: =MIN(C14,G14) -> 26
B15: ck656.mtx | C15: 299 | D15: 27.425 | E15: =(C15-$O15)/$O15 -> 0.023972603 | F15: =IF(C15=$O15,1,0) -> 0 | G15: 292 | H15: 36.973 | I15: =(G15-$O15)/$O15 -> 0 | J15: =IF(G15=$O15,1,0) -> 1 | O15: =MIN(C15,G15) -> 292
B16: dwt_361.mtx | C16: 152 | D16: 0.592 | E16: =(C16-$O16)/$O16 -> 0.020134228 | F16: =IF(C16=$O16,1,0) -> 0 | G16: 149 | H16: 0.43900001 | I16: =(G16-$O16)/$O16 -> 0 | J16: =IF(G16=$O16,1,0) -> 1 | O16: =MIN(C16,G16) -> 149
B17: dwt_59.mtx | C17: 43 | D17: 0.007 | E17: =(C17-$O17)/$O17 -> 0 | F17: =IF(C17=$O17,1,0) -> 1 | G17: 43 | H17: 0.0049999999 | I17: =(G17-$O17)/$O17 -> 0 | J17: =IF(G17=$O17,1,0) -> 1 | O17: =MIN(C17,G17) -> 43
B18: e05r0200.mtx | C18: 18 | D18: 12.489 | E18: =(C18-$O18)/$O18 -> 0 | F18: =IF(C18=$O18,1,0) -> 1 | G18: 18 | H18: 9.2220001 | I18: =(G18-$O18)/$O18 -> 0 | J18: =IF(G18=$O18,1,0) -> 1 | O18: =MIN(C18,G18) -> 18
B19: fs_541_2.mtx | C19: 3 | D19: 16.813 | E19: =(C19-$O19)/$O19 -> 0 | F19: =IF(C19=$O19,1,0) -> 1 | G19: 3 | H19: 12.699 | I19: =(G19-$O19)/$O19 -> 0 | J19: =IF(G19=$O19,1,0) -> 1 | O19: =MIN(C19,G19) -> 3
... B33: will199.mtx | C33: 90 | D33: 0.335 | E33: =(C33-$O33)/$O33 -> 0 | F33: =IF(C33=$O33,1,0) -> 1 | G33: 95 | H33: 0.178 | I33: =(G33-$O33)/$O33 -> 0.055555556 | J33: =IF(G33=$O33,1,0) -> 0 | O33: =MIN(C33,G33) -> 90

Sheet Figure 7
B2: Algorithm | C2: Avg. | D2: Time | E2: Dev. | F2: #best
B3: =C7 -> Constructive | C3: =AVERAGE(C9:C34) -> 194.46154 | D3: =AVERAGE(D9:D34) -> 0.00065384618 | E3: =AVERAGE(E9:E34) -> 0.19936831 | F3: =SUM(F9:F34) -> 4
B4: =G7 -> Local Search | C4: =AVERAGE(G9:G34) -> 170.46154 | D4: =AVERAGE(H9:H34) -> 0.033807692 | E4: =AVERAGE(I9:I34) -> 0.095220149 | F4: =SUM(J9:J34) -> 7
B5: =K7 -> ILS | C5: =AVERAGE(K9:K34) -> 154.30769 | D5: =AVERAGE(L9:L34) -> 5.6006923 | E5: =AVERAGE(M9:M34) -> 0 | F5: =SUM(N9:N34) -> 26
C7: Constructive | G7: Local Search | K7: ILS
B8: Instance | C8: OF | D8: Time | E8: Dev | F8: Best | G8: OF | H8: Time | I8: Dev | J8: Best | K8: OF | L8: Time | M8: Dev | N8: Best | S8: #best
B9: 662_bus.mtx | C9: 603 | D9: 0.003 | E9: =(C9-$S9)/$S9 -> 0.13345865 | F9: =IF(C9=$S9,1,0) -> 0 | G9: 545 | H9: 0.050999999 | I9: =(G9-$S9)/$S9 -> 0.02443609 | J9: =IF(G9=$S9,1,0) -> 0 | K9: 532 | L9: 1.704 | M9: =(K9-$S9)/$S9 -> 0 | N9: =IF(K9=$S9,1,0) -> 1 | S9: =MIN(C9,G9,K9) -> 532
B10: ash331.mtx | C10: 197 | D10: 0.001 | E10: =(C10-$S10)/$S10 -> 0.22360248 | F10: =IF(C10=$S10,1,0) -> 0 | G10: 186 | H10: 0.0020000001 | I10: =(G10-$S10)/$S10 -> 0.1552795 | J10: =IF(G10=$S10,1,0) -> 0 | K10: 161 | L10: 0.16500001 | M10: =(K10-$S10)/$S10 -> 0 | N10: =IF(K10=$S10,1,0) -> 1 | S10: =MIN(C10,G10,K10) -> 161
B11: bcspwr04.mtx | C11: 208 | D11: 0.001 | E11: =(C11-$S11)/$S11 -> 0.15555556 | F11: =IF(C11=$S11,1,0) -> 0 | G11: 184 | H11: 0.0089999996 | I11: =(G11-$S11)/$S11 -> 0.022222222 | J11: =IF(G11=$S11,1,0) -> 0 | K11: 180 | L11: 0.35600001 | M11: =(K11-$S11)/$S11 -> 0 | N11: =IF(K11=$S11,1,0) -> 1 | S11: =MIN(C11,G11,K11) -> 180
B12: bcsstk01.mtx | C12: 23 | D12: 0 | E12: =(C12-$S12)/$S12 -> 0.27777778 | F12: =IF(C12=$S12,1,0) -> 0 | G12: 20 | H12: 0 | I12: =(G12-$S12)/$S12 -> 0.11111111 | J12: =IF(G12=$S12,1,0) -> 0 | K12: 18 | L12: 0.015 | M12: =(K12-$S12)/$S12 -> 0 | N12: =IF(K12=$S12,1,0) -> 1 | S12: =MIN(C12,G12,K12) -> 18
B13: bp_0.mtx | C13: 421 | D13: 0.0020000001 | E13: =(C13-$S13)/$S13 -> 0.26426426 | F13: =IF(C13=$S13,1,0) -> 0 | G13: 347 | H13: 0.31299999 | I13: =(G13-$S13)/$S13 -> 0.042042042 | J13: =IF(G13=$S13,1,0) -> 0 | K13: 333 | L13: 11.929 | M13: =(K13-$S13)/$S13 -> 0 | N13: =IF(K13=$S13,1,0) -> 1 | S13: =MIN(C13,G13,K13) -> 333
B14: can_161.mtx | C14: 81 | D14: 0 | E14: =(C14-$S14)/$S14 -> 0.42105263 | F14: =IF(C14=$S14,1,0) -> 0 | G14: 71 | H14: 0.001 | I14: =(G14-$S14)/$S14 -> 0.24561404 | J14: =IF(G14=$S14,1,0) -> 0 | K14: 57 | L14: 0.064000003 | M14: =(K14-$S14)/$S14 -> 0 | N14: =IF(K14=$S14,1,0) -> 1 | S14: =MIN(C14,G14,K14) -> 57
B15: cavity03.mtx | C15: 26 | D15: 0.001 | E15: =(C15-$S15)/$S15 -> 0 | F15: =IF(C15=$S15,1,0) -> 1 | G15: 26 | H15: 0.027000001 | I15: =(G15-$S15)/$S15 -> 0 | J15: =IF(G15=$S15,1,0) -> 1 | K15: 26 | L15: 4.698 | M15: =(K15-$S15)/$S15 -> 0 | N15: =IF(K15=$S15,1,0) -> 1 | S15: =MIN(C15,G15,K15) -> 26
B16: ck656.mtx | C16: 337 | D16: 0.001 | E16: =(C16-$S16)/$S16 -> 0.15410959 | F16: =IF(C16=$S16,1,0) -> 0 | G16: 329 | H16: 0.024 | I16: =(G16-$S16)/$S16 -> 0.12671233 | J16: =IF(G16=$S16,1,0) -> 0 | K16: 292 | L16: 36.973 | M16: =(K16-$S16)/$S16 -> 0 | N16: =IF(K16=$S16,1,0) -> 1 | S16: =MIN(C16,G16,K16) -> 292
B17: dwt_361.mtx | C17: 182 | D17: 0.001 | E17: =(C17-$S17)/$S17 -> 0.22147651 | F17: =IF(C17=$S17,1,0) -> 0 | G17: 165 | H17: 0.001 | I17: =(G17-$S17)/$S17 -> 0.10738255 | J17: =IF(G17=$S17,1,0) -> 0 | K17: 149 | L17: 0.43900001 | M17: =(K17-$S17)/$S17 -> 0 | N17: =IF(K17=$S17,1,0) -> 1 | S17: =MIN(C17,G17,K17) -> 149
B18: dwt_59.mtx | C18: 51 | D18: 0 | E18: =(C18-$S18)/$S18 -> 0.18604651 | F18: =IF(C18=$S18,1,0) -> 0 | G18: 48 | H18: 0 | I18: =(G18-$S18)/$S18 -> 0.11627907 | J18: =IF(G18=$S18,1,0) -> 0 | K18: 43 | L18: 0.0049999999 | M18: =(K18-$S18)/$S18 -> 0 | N18: =IF(K18=$S18,1,0) -> 1 | S18: =MIN(C18,G18,K18) -> 43
B19: e05r0200.mtx | C19: 18 | D19: 0.001 | E19: =(C19-$S19)/$S19 -> 0 | F19: =IF(C19=$S19,1,0) -> 1 | G19: 18 | H19: 0.048999999 | I19: =(G19-$S19)/$S19 -> 0 | J19: =IF(G19=$S19,1,0) -> 1 | K19: 18 | L19: 9.2220001 | M19: =(K19-$S19)/$S19 -> 0 | N19: =IF(K19=$S19,1,0) -> 1 | S19: =MIN(C19,G19,K19) -> 18
B20: fs_541_2.mtx | C20: 3 | D20: 0.001 | E20: =(C20-$S20)/$S20 -> 0 | F20: =IF(C20=$S20,1,0) -> 1 | G20: 3 | H20: 0.026000001 | I20: =(G20-$S20)/$S20 -> 0 | J20: =IF(G20=$S20,1,0) -> 1 | K20: 3 | L20: 12.699 | M20: =(K20-$S20)/$S20 -> 0 | N20: =IF(K20=$S20,1,0) -> 1 | S20: =MIN(C20,G20,K20) -> 3
... B34: will199.mtx | C34: 112 | D34: 0 | E34: =(C34-$S34)/$S34 -> 0.17894737 | F34: =IF(C34=$S34,1,0) -> 0 | G34: 105 | H34: 0.0020000001 | I34: =(G34-$S34)/$S34 -> 0.10526316 | J34: =IF(G34=$S34,1,0) -> 0 | K34: 95 | L34: 0.178 | M34: =(K34-$S34)/$S34 -> 0 | N34: =IF(K34=$S34,1,0) -> 1 | S34: =MIN(C34,G34,K34) -> 95

Sheet Table 5
B2: Algorithm | C2: Avg. | D2: Time | E2: Dev. | F2: #best
B3: =C7 -> Variable Neighborhood Search | C3: =AVERAGE(C9:C34) -> 159.03846 | D3: =AVERAGE(D9:D34) -> 8.1656923 | E3: =AVERAGE(E9:E34) -> 0.014633192 | F3: =SUM(F9:F34) -> 15
B4: =G7 -> Tabu Search | C4: =AVERAGE(G9:G34) -> 155.73077 | D4: =AVERAGE(H9:H34) -> 4.1161154 | E4: =AVERAGE(I9:I34) -> 0.0064735899 | F4: =SUM(J9:J34) -> 19
B5: =K7 -> Iterated Local Search | C5: =AVERAGE(K9:K34) -> 154.30769 | D5: =AVERAGE(L9:L34) -> 5.6006923 | E5: =AVERAGE(M9:M34) -> 0.0033977862 | F5: =SUM(N9:N34) -> 24
C7: Variable Neighborhood Search | G7: Tabu Search | K7: Iterated Local Search
B8: Instance | C8: OF | D8: Time | E8: Dev | F8: Best | G8: OF | H8: Time | I8: Dev | J8: Best | K8: OF | L8: Time | M8: Dev | N8: Best | S8: #best
B9: 662_bus.mtx | C9: 538 | D9: 2.079 | E9: =(C9-$S9)/$S9 -> 0.011278195 | F9: =IF(C9=$S9,1,0) -> 0 | G9: 536 | H9: 2.043 | I9: =(G9-$S9)/$S9 -> 0.007518797 | J9: =IF(G9=$S9,1,0) -> 0 | K9: 532 | L9: 1.704 | M9: =(K9-$S9)/$S9 -> 0 | N9: =IF(K9=$S9,1,0) -> 1 | S9: =MIN(C9,G9,K9) -> 532
B10: ash331.mtx | C10: 161 | D10: 0.377 | E10: =(C10-$S10)/$S10 -> 0 | F10: =IF(C10=$S10,1,0) -> 1 | G10: 161 | H10: 0.215 | I10: =(G10-$S10)/$S10 -> 0 | J10: =IF(G10=$S10,1,0) -> 1 | K10: 161 | L10: 0.16500001 | M10: =(K10-$S10)/$S10 -> 0 | N10: =IF(K10=$S10,1,0) -> 1 | S10: =MIN(C10,G10,K10) -> 161
B11: bcspwr04.mtx | C11: 182 | D11: 0.94700003 | E11: =(C11-$S11)/$S11 -> 0.011111111 | F11: =IF(C11=$S11,1,0) -> 0 | G11: 180 | H11: 0.384 | I11: =(G11-$S11)/$S11 -> 0 | J11: =IF(G11=$S11,1,0) -> 1 | K11: 180 | L11: 0.35600001 | M11: =(K11-$S11)/$S11 -> 0 | N11: =IF(K11=$S11,1,0) -> 1 | S11: =MIN(C11,G11,K11) -> 180
B12: bcsstk01.mtx | C12: 18 | D12: 0.035 | E12: =(C12-$S12)/$S12 -> 0 | F12: =IF(C12=$S12,1,0) -> 1 | G12: 18 | H12: 0.012 | I12: =(G12-$S12)/$S12 -> 0 | J12: =IF(G12=$S12,1,0) -> 1 | K12: 18 | L12: 0.015 | M12: =(K12-$S12)/$S12 -> 0 | N12: =IF(K12=$S12,1,0) -> 1 | S12: =MIN(C12,G12,K12) -> 18
B13: bp_0.mtx | C13: 333 | D13: 23.162001 | E13: =(C13-$S13)/$S13 -> 0 | F13: =IF(C13=$S13,1,0) -> 1 | G13: 333 | H13: 10.381 | I13: =(G13-$S13)/$S13 -> 0 | J13: =IF(G13=$S13,1,0) -> 1 | K13: 333 | L13: 11.929 | M13: =(K13-$S13)/$S13 -> 0 | N13: =IF(K13=$S13,1,0) -> 1 | S13: =MIN(C13,G13,K13) -> 333
B14: can_161.mtx | C14: 57 | D14: 0.134 | E14: =(C14-$S14)/$S14 -> 0 | F14: =IF(C14=$S14,1,0) -> 1 | G14: 57 | H14: 0.064999998 | I14: =(G14-$S14)/$S14 -> 0 | J14: =IF(G14=$S14,1,0) -> 1 | K14: 57 | L14: 0.064000003 | M14: =(K14-$S14)/$S14 -> 0 | N14: =IF(K14=$S14,1,0) -> 1 | S14: =MIN(C14,G14,K14) -> 57
B15: cavity03.mtx | C15: 26 | D15: 9.7539997 | E15: =(C15-$S15)/$S15 -> 0 | F15: =IF(C15=$S15,1,0) -> 1 | G15: 26 | H15: 4.6479998 | I15: =(G15-$S15)/$S15 -> 0 | J15: =IF(G15=$S15,1,0) -> 1 | K15: 26 | L15: 4.698 | M15: =(K15-$S15)/$S15 -> 0 | N15: =IF(K15=$S15,1,0) -> 1 | S15: =MIN(C15,G15,K15) -> 26
B16: ck656.mtx | C16: 300 | D16: 48.472 | E16: =(C16-$S16)/$S16 -> 0.02739726 | F16: =IF(C16=$S16,1,0) -> 0 | G16: 297 | H16: 17.819 | I16: =(G16-$S16)/$S16 -> 0.017123288 | J16: =IF(G16=$S16,1,0) -> 0 | K16: 292 | L16: 36.973 | M16: =(K16-$S16)/$S16 -> 0 | N16: =IF(K16=$S16,1,0) -> 1 | S16: =MIN(C16,G16,K16) -> 292
B17: dwt_361.mtx | C17: 152 | D17: 1.0700001 | E17: =(C17-$S17)/$S17 -> 0.020134228 | F17: =IF(C17=$S17,1,0) -> 0 | G17: 149 | H17: 0.55699998 | I17: =(G17-$S17)/$S17 -> 0 | J17: =IF(G17=$S17,1,0) -> 1 | K17: 149 | L17: 0.43900001 | M17: =(K17-$S17)/$S17 -> 0 | N17: =IF(K17=$S17,1,0) -> 1 | S17: =MIN(C17,G17,K17) -> 149
B18: dwt_59.mtx | C18: 43 | D18: 0.013 | E18: =(C18-$S18)/$S18 -> 0 | F18: =IF(C18=$S18,1,0) -> 1 | G18: 43 | H18: 0.0049999999 | I18: =(G18-$S18)/$S18 -> 0 | J18: =IF(G18=$S18,1,0) -> 1 | K18: 43 | L18: 0.0049999999 | M18: =(K18-$S18)/$S18 -> 0 | N18: =IF(K18=$S18,1,0) -> 1 | S18: =MIN(C18,G18,K18) -> 43
B19: e05r0200.mtx | C19: 18 | D19: 18.365 | E19: =(C19-$S19)/$S19 -> 0 | F19: =IF(C19=$S19,1,0) -> 1 | G19: 18 | H19: 9.3070002 | I19: =(G19-$S19)/$S19 -> 0 | J19: =IF(G19=$S19,1,0) -> 1 | K19: 18 | L19: 9.2220001 | M19: =(K19-$S19)/$S19 -> 0 | N19: =IF(K19=$S19,1,0) -> 1 | S19: =MIN(C19,G19,K19) -> 18
B20: fs_541_2.mtx | C20: 3 | D20: 31.017 | E20: =(C20-$S20)/$S20 -> 0 | F20: =IF(C20=$S20,1,0) -> 1 | G20: 3 | H20: 13.275 | I20: =(G20-$S20)/$S20 -> 0 | J20: =IF(G20=$S20,1,0) -> 1 | K20: 3 | L20: 12.699 | M20: =(K20-$S20)/$S20 -> 0 | N20: =IF(K20=$S20,1,0) -> 1 | S20: =MIN(C20,G20,K20) -> 3
... B34: will199.mtx | C34: 92 | D34: 0.285 | E34: =(C34-$S34)/$S34 -> 0.022222222 | F34: =IF(C34=$S34,1,0) -> 0 | G34: 90 | H34: 0.38100001 | I34: =(G34-$S34)/$S34 -> 0 | J34: =IF(G34=$S34,1,0) -> 1 | K34: 95 | L34: 0.178 | M34: =(K34-$S34)/$S34 -> 0.055555556 | N34: =IF(K34=$S34,1,0) -> 0 | S34: =MIN(C34,G34,K34) -> 90

Sheet Table 6
D2: Algorithm | E2: Avg. | F2: Time | G2: Dev. | H2: #best
D3: =E9 -> Gc | E3: =AVERAGE(E11:E128) -> 264.52137 | F3: =AVERAGE(F11:F128) -> 0.00040170942 | G3: =AVERAGE(G11:G128) -> 0.024172113 | H3: =SUM(H11:H128) -> 64
D4: =I9 -> Gd | E4: =AVERAGE(I11:I128) -> 262.46154 | F4: =AVERAGE(J11:J128) -> 0.00065811968 | G4: =AVERAGE(K11:K128) -> 0.016521811 | H4: =SUM(L11:L128) -> 80
D5: =M9 -> Heuristic 1 | E5: =AVERAGE(M11:M128) -> 408.64103 | F5: - | G5: =AVERAGE(O11:O128) -> 0.81049962 | H5: =SUM(P11:P128) -> 4
D6: =Q9 -> Heuristic 2 | E6: =AVERAGE(Q11:Q127) -> 396.60684 | F6: - | G6: =AVERAGE(S11:S128) -> 0.79710159 | H6: =SUM(T11:T128) -> 2
D7: =U9 -> Heuristic 3 | E7: =AVERAGE(U11:U127) -> 403.73504 | F7: - | G7: =AVERAGE(W11:W128) -> 0.67189667 | H7: =SUM(X11:X128) -> 6
E9: Gc | I9: Gd | M9: Heuristic 1 | Q9: Heuristic 2 | U9: Heuristic 3
B10: LB | C10: UB | D10: Instance | E10: OF | F10: Time | G10: Dev | H10: Best | I10: OF | J10: Time | K10: Dev | L10: Best | M10: OF | N10: Time | O10: Dev | P10: Best | Q10: OF | R10: Time | S10: Dev | T10: Best | U10: OF | V10: Time | W10: Dev | X10: Best | AC10: #best
B11: 199 | C11: 1278 | D11: 662_bus.mtx | E11: 618 | F11: 0 | G11: =(E11-$AC11)/$AC11 -> 0.024875622 | H11: =IF(E11=$AC11,1,0) -> 0 | I11: 603 | J11: 0.0020000001 | K11: =(I11-$AC11)/$AC11 -> 0 | L11: =IF(I11=$AC11,1,0) -> 1 | M11: 833 | N11: - | O11: =(M11-$AC11)/$AC11 -> 0.3814262 | P11: =IF(M11=$AC11,1,0) -> 0 | Q11: 849 | R11: - | S11: =(Q11-$AC11)/$AC11 -> 0.4079602 | T11: =IF(Q11=$AC11,1,0) -> 0 | U11: 687 | V11: - | W11: =(U11-$AC11)/$AC11 -> 0.13930348 | X11: =IF(U11=$AC11,1,0) -> 0 | AC11: =MIN(E11,I11,M11,Q11,U11) -> 603
B12: 58 | C12: 4625 | D12: add20.mtx | E12: 790 | F12: 0.0020000001 | G12: =(E12-$AC12)/$AC12 -> 0 | H12: =IF(E12=$AC12,1,0) -> 1 | I12: 790 | J12: 0.003 | K12: =(I12-$AC12)/$AC12 -> 0 | L12: =IF(I12=$AC12,1,0) -> 1 | M12: 2879 | N12: - | O12: =(M12-$AC12)/$AC12 -> 2.6443038 | P12: =IF(M12=$AC12,1,0) -> 0 | Q12: 2877 | R12: - | S12: =(Q12-$AC12)/$AC12 -> 2.6417722 | T12: =IF(Q12=$AC12,1,0) -> 0 | U12: 2757 | V12: - | W12: =(U12-$AC12)/$AC12 -> 2.4898734 | X12: =IF(U12=$AC12,1,0) -> 0 | AC12: =MIN(E12,I12,M12,Q12,U12) -> 790
B13: 55 | C13: 370 | D13: ash219.mtx | E13: 139 | F13: 0 | G13: =(E13-$AC13)/$AC13 -> 0 | H13: =IF(E13=$AC13,1,0) -> 1 | I13: 144 | J13: 0 | K13: =(I13-$AC13)/$AC13 -> 0.035971223 | L13: =IF(I13=$AC13,1,0) -> 0 | M13: 239 | N13: - | O13: =(M13-$AC13)/$AC13 -> 0.71942446 | P13: =IF(M13=$AC13,1,0) -> 0 | Q13: 243 | R13: - | S13: =(Q13-$AC13)/$AC13 -> 0.74820144 | T13: =IF(Q13=$AC13,1,0) -> 0 | U13: 264 | V13: - | W13: =(U13-$AC13)/$AC13 -> 0.89928058 | X13: =IF(U13=$AC13,1,0) -> 0 | AC13: =MIN(E13,I13,M13,Q13,U13) -> 139
B14: 63 | C14: 433 | D14: ash292.mtx | E14: 156 | F14: 0 | G14: =(E14-$AC14)/$AC14 -> 0 | H14: =IF(E14=$AC14,1,0) -> 1 | I14: 156 | J14: 0 | K14: =(I14-$AC14)/$AC14 -> 0 | L14: =IF(I14=$AC14,1,0) -> 1 | M14: 171 | N14: - | O14: =(M14-$AC14)/$AC14 -> 0.096153846 | P14: =IF(M14=$AC14,1,0) -> 0 | Q14: 171 | R14: - | S14: =(Q14-$AC14)/$AC14 -> 0.096153846 | T14: =IF(Q14=$AC14,1,0) -> 0 | U14: 165 | V14: - | W14: =(U14-$AC14)/$AC14 -> 0.057692308 | X14: =IF(U14=$AC14,1,0) -> 0 | AC14: =MIN(E14,I14,M14,Q14,U14) -> 156
B15: 67 | C15: 560 | D15: ash331.mtx | E15: 199 | F15: 0 | G15: =(E15-$AC15)/$AC15 -> 0.010152284 | H15: =IF(E15=$AC15,1,0) -> 0 | I15: 197 | J15: 0 | K15: =(I15-$AC15)/$AC15 -> 0 | L15: =IF(I15=$AC15,1,0) -> 1 | M15: 428 | N15: - | O15: =(M15-$AC15)/$AC15 -> 1.1725888 | P15: =IF(M15=$AC15,1,0) -> 0 | Q15: 396 | R15: - | S15: =(Q15-$AC15)/$AC15 -> 1.0101523 | T15: =IF(Q15=$AC15,1,0) -> 0 | U15: 417 | V15: - | W15: =(U15-$AC15)/$AC15 -> 1.1167513 | X15: =IF(U15=$AC15,1,0) -> 0 | AC15: =MIN(E15,I15,M15,Q15,U15) -> 197
B16: 122 | C16: 1029 | D16: ash608.mtx | E16: 349 | F16: 0.001 | G16: =(E16-$AC16)/$AC16 -> 0.0028735632 | H16: =IF(E16=$AC16,1,0) -> 0 | I16: 348 | J16: 0.001 | K16: =(I16-$AC16)/$AC16 -> 0 | L16: =IF(I16=$AC16,1,0) -> 1 | M16: 875 | N16: - | O16: =(M16-$AC16)/$AC16 -> 1.5143678 | P16: =IF(M16=$AC16,1,0) -> 0 | Q16: 849 | R16: - | S16: =(Q16-$AC16)/$AC16 -> 1.4396552 | T16: =IF(Q16=$AC16,1,0) -> 0 | U16: 495 | V16: - | W16: =(U16-$AC16)/$AC16 -> 0.42241379 | X16: =IF(U16=$AC16,1,0) -> 0 | AC16: =MIN(E16,I16,M16,Q16,U16) -> 348
B17: 26 | C17: 143 | D17: ash85.mtx | E17: 54 | F17: 0 | G17: =(E17-$AC17)/$AC17 -> 0.018867925 | H17: =IF(E17=$AC17,1,0) -> 0 | I17: 53 | J17: 0 | K17: =(I17-$AC17)/$AC17 -> 0 | L17: =IF(I17=$AC17,1,0) -> 1 | M17: 56 | N17: - | O17: =(M17-$AC17)/$AC17 -> 0.056603774 | P17: =IF(M17=$AC17,1,0) -> 0 | Q17: 57 | R17: - | S17: =(Q17-$AC17)/$AC17 -> 0.075471698 | T17: =IF(Q17=$AC17,1,0) -> 0 | U17: 69 | V17: - | W17: =(U17-$AC17)/$AC17 -> 0.30188679 | X17: =IF(U17=$AC17,1,0) -> 0 | AC17: =MIN(E17,I17,M17,Q17,U17) -> 53
B18: 180 | C18: 1622 | D18: ash958.mtx | E18: 527 | F18: 0 | G18: =(E18-$AC18)/$AC18 -> 0 | H18: =IF(E18=$AC18,1,0) -> 1 | I18: 531 | J18: 0.001 | K18: =(I18-$AC18)/$AC18 -> 0.0075901328 | L18: =IF(I18=$AC18,1,0) -> 0 | M18: 1409 | N18: - | O18: =(M18-$AC18)/$AC18 -> 1.6736243 | P18: =IF(M18=$AC18,1,0) -> 0 | Q18: 1428 | R18: - | S18: =(Q18-$AC18)/$AC18 -> 1.7096774 | T18: =IF(Q18=$AC18,1,0) -> 0 | U18: 690 | V18: - | W18: =(U18-$AC18)/$AC18 -> 0.30929791 | X18: =IF(U18=$AC18,1,0) -> 0 | AC18: =MIN(E18,I18,M18,Q18,U18) -> 527
B19: 20 | C19: 75 | D19: bcspwr01.mtx | E19: 40 | F19: 0 | G19: =(E19-$AC19)/$AC19 -> 0.025641026 | H19: =IF(E19=$AC19,1,0) -> 0 | I19: 39 | J19: 0 | K19: =(I19-$AC19)/$AC19 -> 0 | L19: =IF(I19=$AC19,1,0) -> 1 | M19: 44 | N19: - | O19: =(M19-$AC19)/$AC19 -> 0.12820513 | P19: =IF(M19=$AC19,1,0) -> 0 | Q19: 42 | R19: - | S19: =(Q19-$AC19)/$AC19 -> 0.076923077 | T19: =IF(Q19=$AC19,1,0) -> 0 | U19: 45 | V19: - | W19: =(U19-$AC19)/$AC19 -> 0.15384615 | X19: =IF(U19=$AC19,1,0) -> 0 | AC19: =MIN(E19,I19,M19,Q19,U19) -> 39
B20: 21 | C20: 94 | D20: bcspwr02.mtx | E20: 48 | F20: 0 | G20: =(E20-$AC20)/$AC20 -> 0 | H20: =IF(E20=$AC20,1,0) -> 1 | I20: 48 | J20: 0 | K20: =(I20-$AC20)/$AC20 -> 0 | L20: =IF(I20=$AC20,1,0) -> 1 | M20: 53 | N20: - | O20: =(M20-$AC20)/$AC20 -> 0.10416667 | P20: =IF(M20=$AC20,1,0) -> 0 | Q20: 54 | R20: - | S20: =(Q20-$AC20)/$AC20 -> 0.125 | T20: =IF(Q20=$AC20,1,0) -> 0 | U20: 60 | V20: - | W20: =(U20-$AC20)/$AC20 -> 0.25 | X20: =IF(U20=$AC20,1,0) -> 0 | AC20: =MIN(E20,I20,M20,Q20,U20) -> 48
B21: 36 | C21: 227 | D21: bcspwr03.mtx | E21: 108 | F21: 0 | G21: =(E21-$AC21)/$AC21 -> 0 | H21: =IF(E21=$AC21,1,0) -> 1 | I21: 108 | J21: 0 | K21: =(I21-$AC21)/$AC21 -> 0 | L21: =IF(I21=$AC21,1,0) -> 1 | M21: 125 | N21: - | O21: =(M21-$AC21)/$AC21 -> 0.15740741 | P21: =IF(M21=$AC21,1,0) -> 0 | Q21: 128 | R21: - | S21: =(Q21-$AC21)/$AC21 -> 0.18518519 | T21: =IF(Q21=$AC21,1,0) -> 0 | U21: 123 | V21: - | W21: =(U21-$AC21)/$AC21 -> 0.13888889 | X21: =IF(U21=$AC21,1,0) -> 0 | AC21: =MIN(E21,I21,M21,Q21,U21) -> 108
B22: 52 | C22: 529 | D22: bcspwr04.mtx | E22: 210 | F22: 0 | G22: =(E22-$AC22)/$AC22 -> 0.0096153846 | H22: =IF(E22=$AC22,1,0) -> 0 | I22: 208 | J22: 0 | K22: =(I22-$AC22)/$AC22 -> 0 | L22: =IF(I22=$AC22,1,0) -> 1 | M22: 284 | N22: - | O22: =(M22-$AC22)/$AC22 -> 0.36538462 | P22: =IF(M22=$AC22,1,0) -> 0 | Q22: 288 | R22: - | S22: =(Q22-$AC22)/$AC22 -> 0.38461538 | T22: =IF(Q22=$AC22,1,0) -> 0 | U22: 270 | V22: - | W22: =(U22-$AC22)/$AC22 -> 0.29807692 | X22: =IF(U22=$AC22,1,0) -> 0 | AC22: =MIN(E22,I22,M22,Q22,U22) -> 208
... B36: 57 | C36: 247 | D36: can_187.mtx | E36: 84 | F36: 0 | G36: =(E36-$AC36)/$AC36 -> 0.037037037 | H36: =IF(E36=$AC36,1,0) -> 0 | I36: 81 | J36: 0 | K36: =(I36-$AC36)/$AC36 -> 0 | L36: =IF(I36=$AC36,1,0) -> 1 | M36: 101 | N36: - | O36: =(M36-$AC36)/$AC36 -> 0.24691358 | P36: =IF(M36=$AC36,1,0) -> 0 | Q36: 99 | R36: - | S36: =(Q36-$AC36)/$AC36 -> 0.22222222 | T36: =IF(Q36=$AC36,1,0) -> 0 | U36: 135 | V36: - | W36: =(U36-$AC36)/$AC36 -> 0.66666667 | X36: =IF(U36=$AC36,1,0) -> 0 | AC36: =MIN(E36,I36,M36,Q36,U36) -> 81
B37: 8 | C37: 35 | D37: can_24.mtx | E37: 12 | F37: 0 | G37: =(E37-$AC37)/$AC37 -> 0 | H37: =IF(E37=$AC37,1,0) -> 1 | I37: 12 | J37: 0 | K37: =(I37-$AC37)/$AC37 -> 0 | L37: =IF(I37=$AC37,1,0) -> 1 | M37: 12 | N37: - | O37: =(M37-$AC37)/$AC37 -> 0 | Q37: 12 | R37: - | S37: =(Q37-$AC37)/$AC37 -> 0 | U37: 18 | V37: - | W37: =(U37-$AC37)/$AC37 -> 0.5 | X37: =IF(U37=$AC37,1,0) -> 0 | AC37: =MIN(E37,I37,M37,Q37,U37) -> 12
B38: 8 | C38: 80 | D38: can_61.mtx | E38: 18 | F38: 0 | G38: =(E38-$AC38)/$AC38 -> 0 | H38: =IF(E38=$AC38,1,0) -> 1 | I38: 18 | J38: 0 | K38: =(I38-$AC38)/$AC38 -> 0 | L38: =IF(I38=$AC38,1,0) -> 1 | M38: 24 | N38: - | O38: =(M38-$AC38)/$AC38 -> 0.33333333 | Q38: 24 | R38: - | S38: =(Q38-$AC38)/$AC38 -> 0.33333333 | U38: 24 | V38: - | W38: =(U38-$AC38)/$AC38 -> 0.33333333 | X38: =IF(U38=$AC38,1,0) -> 0 | AC38: =MIN(E38,I38,M38,Q38,U38) -> 18
B39: 25 | C39: 123 | D39: can_73.mtx | E39: 51 | F39: 0 | G39: =(E39-$AC39)/$AC39 -> 0.02 | H39: =IF(E39=$AC39,1,0) -> 0 | I39: 50 | J39: 0 | K39: =(I39-$AC39)/$AC39 -> 0 | L39: =IF(I39=$AC39,1,0) -> 1 | M39: 68 | N39: - | O39: =(M39-$AC39)/$AC39 -> 0.36 | Q39: 69 | R39: - | S39: =(Q39-$AC39)/$AC39 -> 0.38 | U39: 75 | V39: - | W39: =(U39-$AC39)/$AC39 -> 0.5 | X39: =IF(U39=$AC39,1,0) -> 0 | AC39: =MIN(E39,I39,M39,Q39,U39) -> 50
B40: 16 | C40: 294 | D40: cavity01.mtx | E40: 26 | F40: 0.001 | G40: =(E40-$AC40)/$AC40 -> 0 | H40: =IF(E40=$AC40,1,0) -> 1 | I40: 26 | J40: 0 | K40: =(I40-$AC40)/$AC40 -> 0 | L40: =IF(I40=$AC40,1,0) -> 1 | M40: 56 | N40: - | O40: =(M40-$AC40)/$AC40 -> 1.1538462 | Q40: 72 | R40: - | S40: =(Q40-$AC40)/$AC40 -> 1.7692308 | U40: 27 | V40: - | W40: =(U40-$AC40)/$AC40 -> 0.038461538 | X40: =IF(U40=$AC40,1,0) -> 0 | AC40: =MIN(E40,I40,M40,Q40,U40) -> 26
B41: 16 | C41: 294 | D41: cavity02.mtx | E41: 26 | F41: 0 | G41: =(E41-$AC41)/$AC41 -> 0 | H41: =IF(E41=$AC41,1,0) -> 1 | I41: 26 | J41: 0.001 | K41: =(I41-$AC41)/$AC41 -> 0 | L41: =IF(I41=$AC41,1,0) -> 1 | M41: 71 | N41: - | O41: =(M41-$AC41)/$AC41 -> 1.7307692 | Q41: 63 | R41: - | S41: =(Q41-$AC41)/$AC41 -> 1.4230769 | U41: 27 | V41: - | W41: =(U41-$AC41)/$AC41 -> 0.038461538 | X41: =IF(U41=$AC41,1,0) -> 0 | AC41: =MIN(E41,I41,M41,Q41,U41) -> 26
B42: 16 | C42: 294 | D42: cavity03.mtx | E42: 26 | F42: 0.001 | G42: =(E42-$AC42)/$AC42 -> 0 | H42: =IF(E42=$AC42,1,0) -> 1 | I42: 26 | J42: 0 | K42: =(I42-$AC42)/$AC42 -> 0 | L42: =IF(I42=$AC42,1,0) -> 1 | M42: 71 | N42: - | O42: =(M42-$AC42)/$AC42 -> 1.7307692 | Q42: 75 | R42: - | S42: =(Q42-$AC42)/$AC42 -> 1.8846154 | U42: 27 | V42: - | W42: =(U42-$AC42)/$AC42 -> 0.038461538 | X42: =IF(U42=$AC42,1,0) -> 0 | AC42: =MIN(E42,I42,M42,Q42,U42) -> 26
B43: 16 | C43: 294 | D43: cavity04.mtx | E43: 26 | F43: 0 | G43: =(E43-$AC43)/$AC43 -> 0 | H43: =IF(E43=$AC43,1,0) -> 1 | I43: 26 | J43: 0 | K43: =(I43-$AC43)/$AC43 -> 0 | L43: =IF(I43=$AC43,1,0) -> 1 | M43: 62 | N43: - | O43: =(M43-$AC43)/$AC43 -> 1.3846154 | Q43: 66 | R43: - | S43: =(Q43-$AC43)/$AC43 -> 1.5384615 | U43: 27 | V43: - | W43: =(U43-$AC43)/$AC43 -> 0.038461538 | X43: =IF(U43=$AC43,1,0) -> 0 | AC43: =MIN(E43,I43,M43,Q43,U43) -> 26
B44: 577 | C44: 1627 | D44: cdde1.mtx | E44: 626 | F44: 0.001 | G44: =(E44-$AC44)/$AC44 -> 0.012944984 | H44: =IF(E44=$AC44,1,0) -> 0 | I44: 618 | J44: 0 | K44: =(I44-$AC44)/$AC44 -> 0 | L44: =IF(I44=$AC44,1,0) -> 1 | M44: 995 | N44: - | O44: =(M44-$AC44)/$AC44 -> 0.61003236 | Q44: 986 | R44: - | S44: =(Q44-$AC44)/$AC44 -> 0.59546926 | U44: 1443 | V44: - | W44: =(U44-$AC44)/$AC44 -> 1.3349515 | X44: =IF(U44=$AC44,1,0) -> 0 | AC44: =MIN(E44,I44,M44,Q44,U44) -> 618
B45: 577 | C45: 1627 | D45: cdde2.mtx | E45: 626 | F45: 0.001 | G45: =(E45-$AC45)/$AC45 -> 0.012944984 | H45: =IF(E45=$AC45,1,0) -> 0 | I45: 618 | J45: 0.001 | K45: =(I45-$AC45)/$AC45 -> 0 | L45: =IF(I45=$AC45,1,0) -> 1 | M45: 994 | N45: - | O45: =(M45-$AC45)/$AC45 -> 0.60841424 | Q45: 999 | R45: - | S45: =(Q45-$AC45)/$AC45 -> 0.61650485 | U45: 1443 | V45: - | W45: =(U45-$AC45)/$AC45 -> 1.3349515 | X45: =IF(U45=$AC45,1,0) -> 0 | AC45: =MIN(E45,I45,M45,Q45,U45) -> 618
B46: 577 | C46: 1627 | D46: cdde3.mtx | E46: 626 | F46: 0.001 | G46: =(E46-$AC46)/$AC46 -> 0.012944984 | H46: =IF(E46=$AC46,1,0) -> 0 | I46: 618 | J46: 0 | K46: =(I46-$AC46)/$AC46 -> 0 | L46: =IF(I46=$AC46,1,0) -> 1 | M46: 995 | N46: - | O46: =(M46-$AC46)/$AC46 -> 0.61003236 | Q46: 999 | R46: - | S46: =(Q46-$AC46)/$AC46 -> 0.61650485 | U46: 1443 | V46: - | W46: =(U46-$AC46)/$AC46 -> 1.3349515 | X46: =IF(U46=$AC46,1,0) -> 0 | AC46: =MIN(E46,I46,M46,Q46,U46) -> 618
B47: 577 | C47: 1627 | D47: cdde4.mtx | E47: 626 | F47: 0 | G47: =(E47-$AC47)/$AC47 -> 0.012944984 | H47: =IF(E47=$AC47,1,0) -> 0 | I47: 618 | J47: 0 | K47: =(I47-$AC47)/$AC47 -> 0 | L47: =IF(I47=$AC47,1,0) -> 1 | M47: 986 | N47: - | O47: =(M47-$AC47)/$AC47 -> 0.59546926 | Q47: 979 | R47: - | S47: =(Q47-$AC47)/$AC47 -> 0.58414239 | U47: 1443 | V47: - | W47: =(U47-$AC47)/$AC47 -> 1.3349515 | X47: =IF(U47=$AC47,1,0) -> 0 | AC47: =MIN(E47,I47,M47,Q47,U47) -> 618
B48: 577 | C48: 1627 | D48: cdde5.mtx | E48: 626 | F48: 0 | G48: =(E48-$AC48)/$AC48 -> 0.012944984 | H48: =IF(E48=$AC48,1,0) -> 0 | I48: 618 | J48: 0.0060000001 | K48: =(I48-$AC48)/$AC48 -> 0 | L48: =IF(I48=$AC48,1,0) -> 1 | M48: 998 | N48: - | O48: =(M48-$AC48)/$AC48 -> 0.61488673 | Q48: 1003 | R48: - | S48: =(Q48-$AC48)/$AC48 -> 0.62297735 | U48: 1443 | V48: - | W48: =(U48-$AC48)/$AC48 -> 1.3349515 | X48: =IF(U48=$AC48,1,0) -> 0 | AC48: =MIN(E48,I48,M48,Q48,U48) -> 618
... B127: 505 | C127: 1423 | D127: young1c.mtx | E127: 534 | F127: 0.001 | G127: =(E127-$AC127)/$AC127 -> 0.019083969 | H127: =IF(E127=$AC127,1,0) -> 0 | I127: 524 | J127: 0.001 | K127: =(I127-$AC127)/$AC127 -> 0 | L127: =IF(I127=$AC127,1,0) -> 1 | M127: 875 | N127: - | O127: =(M127-$AC127)/$AC127 -> 0.66984733 | Q127: 855 | R127: - | S127: =(Q127-$AC127)/$AC127 -> 0.63167939 | U127: 1263 | V127: - | W127: =(U127-$AC127)/$AC127 -> 1.4103053 | X127: =IF(U127=$AC127,1,0) -> 0 | AC127: =MIN(E127,I127,M127,Q127,U127) -> 524

Sheet Table 7
B2: Iteraciones | C2: Avg. | D2: Time | E2: Dev. | F2: #best
B3: =C10 -> ACO 1 | C3: =AVERAGEIF(K12:K128, "<>-", C12:C128) -> 195.64762 | D3: - | E3: =AVERAGEIF(K12:K128, "<>-", E12:E128) -> 0.23150642 | F3: =SUMIF(K12:K128, "<>-", F12:F128) -> 11
B4: =G10 -> ACO 10 | C4: =AVERAGEIF(K12:K128, "<>-", G12:G128) -> 190.52381 | D4: - | E4: =AVERAGEIF(K12:K128, "<>-", I12:I128) -> 0.20056034 | F4: =SUMIF(K12:K128, "<>-", J12:J128) -> 14
B5: =K10 -> ACO 20 | C5: =AVERAGEIF(K12:K128, "<>-", K12:K128) -> 189.19048 | D5: - | E5: =AVERAGEIF(K12:K128, "<>-", M12:M128) -> 0.19448208 | F5: =SUMIF(K12:K128, "<>-", N12:N128) -> 19
B6: =O10 -> ILS 1 | C6: =AVERAGEIF(K12:K128, "<>-", O12:O128) -> 149.71429 | D6: =AVERAGEIF(K12:K128, "<>-", P12:P128) -> 4.3964857 | E6: =AVERAGEIF(K12:K128, "<>-", Q12:Q128) -> 0.010121527 | F6: =SUMIF(K12:K128, "<>-", R12:R128) -> 62
B7: =S10 -> ILS 10 | C7: =AVERAGEIF(K12:K128, "<>-", S12:S128) -> 147.34286 | D7: =AVERAGEIF(K12:K128, "<>-", T12:T128) -> 43.644486 | E7: =AVERAGEIF(K12:K128, "<>-", U12:U128) -> 0.0010242727 | F7: =SUMIF(K12:K128, "<>-", V12:V128) -> 96
B8: =W10 -> ILS 20 | C8: =AVERAGEIF(K12:K128, "<>-", W12:W128) -> 147.2 | D8: =AVERAGEIF(K12:K128, "<>-", X12:X128) -> 85.081971 | E8: =AVERAGEIF(K12:K128, "<>-", Y12:Y128) -> 0 | F8: =SUMIF(K12:K128, "<>-", Z12:Z128) -> 105
C10: ACO 1 | G10: ACO 10 | K10: ACO 20 | O10: ILS 1 | S10: ILS 10 | W10: ILS 20
B11: Instance | C11: OF | D11: Time | E11: Dev | F11: Best | G11: OF | H11: Time | I11: Dev | J11: Best | K11: OF | L11: Time | M11: Dev | N11: Best | O11: OF | P11: Time | Q11: Dev | R11: Best | S11: OF | T11: Time | U11: Dev | V11: Best | W11: OF | X11: Time | Y11: Dev | Z11: Best | AR11: #best
B12: 662_bus | C12: 608 | D12: - | E12: =(C12-$AR12)/$AR12 -> 0.14285714 | F12: =IF(C12=$AR12,1,0) -> 0 | G12: 592 | H12: - | I12: =(G12-$AR12)/$AR12 -> 0.11278195 | J12: =IF(G12=$AR12,1,0) -> 0 | K12: 580 | L12: - | M12: =(K12-$AR12)/$AR12 -> 0.090225564 | N12: =IF(K12=$AR12,1,0) -> 0 | O12: ='execs Table 7'!C2 -> 532 | P12: ='execs Table 7'!D2 -> 2.8139999 | Q12: =(O12-$AR12)/$AR12 -> 0 | R12: =IF(O12=$AR12,1,0) -> 1 | S12: =MIN('execs Table 7'!C2,'execs Table 7'!E2,'execs Table 7'!G2,'execs Table 7'!I2,'execs Table 7'!K2,'execs Table 7'!M2,'execs Table 7'!O2,'execs Table 7'!Q2,'execs Table 7'!S2,'execs Table 7'!U2) -> 532 | T12: =SUM('execs Table 7'!D2,'execs Table 7'!F2,'execs Table 7'!H2,'execs Table 7'!J2,'execs Table 7'!L2,'execs Table 7'!N2,'execs Table 7'!P2,'execs Table 7'!R2,'execs Table 7'!T2,'execs Table 7'!V2) -> 17.299 | U12: =(S12-$AR12)/$AR12 -> 0 | V12: =IF(S12=$AR12,1,0) -> 1 | W12: =MIN('execs Table 7'!G2,'execs Table 7'!I2,'execs Table 7'!K2,'execs Table 7'!M2,'execs Table 7'!O2,'execs Table 7'!Q2,'execs Table 7'!S2,'execs Table 7'!U2,'execs Table 7'!W2,'execs Table 7'!Y2,'execs Table 7'!C2,'execs Table 7'!E2,'execs Table 7'!AA2,'execs Table 7'!AC2,'execs Table 7'!AE2,'execs Table 7'!AG2,'execs Table 7'!AI2,'execs Table 7'!AK2,'execs Table 7'!AM2,'execs Table 7'!AO2) -> 532 | X12: =SUM('execs Table 7'!H2,'execs Table 7'!J2,'execs Table 7'!L2,'execs Table 7'!N2,'execs Table 7'!P2,'execs Table 7'!R2,'execs Table 7'!T2,'execs Table 7'!V2,'execs Table 7'!X2,'execs Table 7'!Z2,'execs Table 7'!D2,'execs Table 7'!F2,'execs Table 7'!AB2,'execs Table 7'!AD2,'execs Table 7'!AF2,'execs Table 7'!AH2,'execs Table 7'!AJ2,'execs Table 7'!AL2,'execs Table 7'!AN2,'execs Table 7'!AP2) -> 36.232 | Y12: =(W12-$AR12)/$AR12 -> 0 | Z12: =IF(W12=$AR12,1,0) -> 1 | AR12: =MIN(C12,G12,K12,O12,S12,W12,AA12,AE12,AI12,AM12) -> 532
B13: add20 | C13: - | D13: - | E13: =(C13-$AR13)/$AR13 -> #VALUE! | F13: =IF(C13=$AR13,1,0) -> 0 | G13: - | H13: - | I13: =(G13-$AR13)/$AR13 -> #VALUE! | J13: =IF(G13=$AR13,1,0) -> 0 | K13: - | L13: - | M13: =(K13-$AR13)/$AR13 -> #VALUE! | N13: =IF(K13=$AR13,1,0) -> 0 | O13: ='execs Table 7'!C3 -> 790 | P13: ='execs Table 7'!D3 -> 182.29201 | Q13: =(O13-$AR13)/$AR13 -> 0 | R13: =IF(O13=$AR13,1,0) -> 1 | S13: =MIN('execs Table 7'!C3,'execs Table 7'!E3,'execs Table 7'!G3,'execs Table 7'!I3,'execs Table 7'!K3,'execs Table 7'!M3,'execs Table 7'!O3,'execs Table 7'!Q3,'execs Table 7'!S3,'execs Table 7'!U3) -> 790 | T13: =SUM('execs Table 7'!D3,'execs Table 7'!F3,'execs Table 7'!H3,'execs Table 7'!J3,'execs Table 7'!L3,'execs Table 7'!N3,'execs Table 7'!P3,'execs Table 7'!R3,'execs Table 7'!T3,'execs Table 7'!V3) -> 1825.563 | U13: =(S13-$AR13)/$AR13 -> 0 | V13: =IF(S13=$AR13,1,0) -> 1 | W13: =MIN('execs Table 7'!G3,'execs Table 7'!I3,'execs Table 7'!K3,'execs Table 7'!M3,'execs Table 7'!O3,'execs Table 7'!Q3,'execs Table 7'!S3,'execs Table 7'!U3,'execs Table 7'!W3,'execs Table 7'!Y3,'execs Table 7'!C3,'execs Table 7'!E3,'execs Table 7'!AA3,'execs Table 7'!AC3,'execs Table 7'!AE3,'execs Table 7'!AG3,'execs Table 7'!AI3,'execs Table 7'!AK3,'execs Table 7'!AM3,'execs Table 7'!AO3) -> 790 | X13: =SUM('execs Table 7'!H3,'execs Table 7'!J3,'execs Table 7'!L3,'execs Table 7'!N3,'execs Table 7'!P3,'execs Table 7'!R3,'execs Table 7'!T3,'execs Table 7'!V3,'execs Table 7'!X3,'execs Table 7'!Z3,'execs Table 7'!D3,'execs Table 7'!F3,'execs Table 7'!AB3,'execs Table 7'!AD3,'execs Table 7'!AF3,'execs Table 7'!AH3,'execs Table 7'!AJ3,'execs Table 7'!AL3,'execs Table 7'!AN3,'execs Table 7'!AP3) -> 3639.322 | Y13: =(W13-$AR13)/$AR13 -> 0 | Z13: =IF(W13=$AR13,1,0) -> 1 | AR13: =MIN(C13,G13,K13,O13,S13,W13,AA13,AE13,AI13,AM13) -> 790
B14: ash219 | C14: 132 | D14: - | E14: =(C14-$AR14)/$AR14 -> 0.073170732 | F14: =IF(C14=$AR14,1,0) -> 0 | G14: 131 | H14: - | I14: =(G14-$AR14)/$AR14 -> 0.06504065 | J14: =IF(G14=$AR14,1,0) -> 0 | K14: 130 | L14: - | M14: =(K14-$AR14)/$AR14 -> 0.056910569 | N14: =IF(K14=$AR14,1,0) -> 0 | O14: ='execs Table 7'!C4 -> 126 | P14: ='execs Table 7'!D4 -> 0.105 | Q14: =(O14-$AR14)/$AR14 -> 0.024390244 | R14: =IF(O14=$AR14,1,0) -> 0 | S14: =MIN('execs Table 7'!C4,'execs Table 7'!E4,'execs Table 7'!G4,'execs Table 7'!I4,'execs Table 7'!K4,'execs Table 7'!M4,'execs Table 7'!O4,'execs Table 7'!Q4,'execs Table 7'!S4,'execs Table 7'!U4) -> 124 | T14: =SUM('execs Table 7'!D4,'execs Table 7'!F4,'execs Table 7'!H4,'execs Table 7'!J4,'execs Table 7'!L4,'execs Table 7'!N4,'execs Table 7'!P4,'execs Table 7'!R4,'execs Table 7'!T4,'execs Table 7'!V4) -> 1.21 | U14: =(S14-$AR14)/$AR14 -> 0.0081300813 | V14: =IF(S14=$AR14,1,0) -> 0 | W14: =MIN('execs Table 7'!G4,'execs Table 7'!I4,'execs Table 7'!K4,'execs Table 7'!M4,'execs Table 7'!O4,'execs Table 7'!Q4,'execs Table 7'!S4,'execs Table 7'!U4,'execs Table 7'!W4,'execs Table 7'!Y4,'execs Table 7'!C4,'execs Table 7'!E4,'execs Table 7'!AA4,'execs Table 7'!AC4,'execs Table 7'!AE4,'execs Table 7'!AG4,'execs Table 7'!AI4,'execs Table 7'!AK4,'execs Table 7'!AM4,'execs Table 7'!AO4) -> 123 | X14: =SUM('execs Table 7'!H4,'execs Table 7'!J4,'execs Table 7'!L4,'execs Table 7'!N4,'execs Table 7'!P4,'execs Table 7'!R4,'execs Table 7'!T4,'execs Table 7'!V4,'execs Table 7'!X4,'execs Table 7'!Z4,'execs Table 7'!D4,'execs Table 7'!F4,'execs Table 7'!AB4,'execs Table 7'!AD4,'execs Table 7'!AF4,'execs Table 7'!AH4,'execs Table 7'!AJ4,'execs Table 7'!AL4,'execs Table 7'!AN4,'execs Table 7'!AP4) -> 2.495 | Y14: =(W14-$AR14)/$AR14 -> 0 | Z14: =IF(W14=$AR14,1,0) -> 1 | AR14: =MIN(C14,G14,K14,O14,S14,W14,AA14,AE14,AI14,AM14) -> 123
B15: ash292 | C15: 134 | D15: - | E15: =(C15-$AR15)/$AR15 -> 0.089430894 | F15: =IF(C15=$AR15,1,0) -> 0 | G15: 136 | H15: - | I15: =(G15-$AR15)/$AR15 -> 0.10569106 | J15: =IF(G15=$AR15,1,0) -> 0 | K15: 132 | L15: - | M15: =(K15-$AR15)/$AR15 -> 0.073170732 | N15: =IF(K15=$AR15,1,0) -> 0 | O15: ='execs Table 7'!C5 -> 123 | P15: ='execs Table 7'!D5 -> 1.432 | Q15: =(O15-$AR15)/$AR15 -> 0 | R15: =IF(O15=$AR15,1,0) -> 1 | S15: =MIN('execs Table 7'!C5,'execs Table 7'!E5,'execs Table 7'!G5,'execs Table 7'!I5,'execs Table 7'!K5,'execs Table 7'!M5,'execs Table 7'!O5,'execs Table 7'!Q5,'execs Table 7'!S5,'execs Table 7'!U5) -> 123 | T15: =SUM('execs Table 7'!D5,'execs Table 7'!F5,'execs Table 7'!H5,'execs Table 7'!J5,'execs Table 7'!L5,'execs Table 7'!N5,'execs Table 7'!P5,'execs Table 7'!R5,'execs Table 7'!T5,'execs Table 7'!V5) -> 8.0740001 | U15: =(S15-$AR15)/$AR15 -> 0 | V15: =IF(S15=$AR15,1,0) -> 1 | W15: =MIN('execs Table 7'!G5,'execs Table 7'!I5,'execs Table 7'!K5,'execs Table 7'!M5,'execs Table 7'!O5,'execs Table 7'!Q5,'execs Table 7'!S5,'execs Table 7'!U5,'execs Table 7'!W5,'execs Table 7'!Y5,'execs Table 7'!C5,'execs Table 7'!E5,'execs Table 7'!AA5,'execs Table 7'!AC5,'execs Table 7'!AE5,'execs Table 7'!AG5,'execs Table 7'!AI5,'execs Table 7'!AK5,'execs Table 7'!AM5,'execs Table 7'!AO5) -> 123 | X15: =SUM('execs Table 7'!H5,'execs Table 7'!J5,'execs Table 7'!L5,'execs Table 7'!N5,'execs Table 7'!P5,'execs Table 7'!R5,'execs Table 7'!T5,'execs Table 7'!V5,'execs Table 7'!X5,'execs Table 7'!Z5,'execs Table 7'!D5,'execs Table 7'!F5,'execs Table 7'!AB5,'execs Table 7'!AD5,'execs Table 7'!AF5,'execs Table 7'!AH5,'execs Table 7'!AJ5,'execs Table 7'!AL5,'execs Table 7'!AN5,'execs Table 7'!AP5) -> 15.765 | Y15: =(W15-$AR15)/$AR15 -> 0 | Z15: =IF(W15=$AR15,1,0) -> 1 | AR15: =MIN(C15,G15,K15,O15,S15,W15,AA15,AE15,AI15,AM15) -> 123
B16: ash331 | C16: 190 | D16: - | E16: =(C16-$AR16)/$AR16 -> 0.19496855 | F16: =IF(C16=$AR16,1,0) -> 0 | G16: 188 | H16: - | I16: =(G16-$AR16)/$AR16 -> 0.18238994 | J16: =IF(G16=$AR16,1,0) -> 0 | K16: 188 | L16: - | M16: =(K16-$AR16)/$AR16 -> 0.18238994 | N16: =IF(K16=$AR16,1,0) -> 0 | O16: ='execs Table 7'!C6 -> 161 | P16: ='execs Table 7'!D6 -> 0.221 | Q16: =(O16-$AR16)/$AR16 -> 0.012578616 | R16: =IF(O16=$AR16,1,0) -> 0 | S16: =MIN('execs Table 7'!C6,'execs Table 7'!E6,'execs Table 7'!G6,'execs Table 7'!I6,'execs Table 7'!K6,'execs Table 7'!M6,'execs Table 7'!O6,'execs Table 7'!Q6,'execs Table 7'!S6,'execs Table 7'!U6) -> 160 | T16: =SUM('execs Table 7'!D6,'execs Table 7'!F6,'execs Table 7'!H6,'execs Table 7'!J6,'execs Table 7'!L6,'execs Table 7'!N6,'execs Table 7'!P6,'execs Table 7'!R6,'execs Table 7'!T6,'execs Table 7'!V6) -> 2.592 | U16: =(S16-$AR16)/$AR16 -> 0.0062893082 | V16: =IF(S16=$AR16,1,0) -> 0 | W16: =MIN('execs Table 7'!G6,'execs Table 7'!I6,'execs Table 7'!K6,'execs Table 7'!M6,'execs Table 7'!O6,'execs Table 7'!Q6,'execs Table 7'!S6,'execs Table 7'!U6,'execs Table 7'!W6,'execs Table 7'!Y6,'execs Table 7'!C6,'execs Table 7'!E6,'execs Table 7'!AA6,'execs Table 7'!AC6,'execs Table 7'!AE6,'execs Table 7'!AG6,'execs Table 7'!AI6,'execs Table 7'!AK6,'execs Table 7'!AM6,'execs Table 7'!AO6) -> 159 | X16: =SUM('execs Table 7'!H6,'execs Table 7'!J6,'execs Table 7'!L6,'execs Table 7'!N6,'execs Table 7'!P6,'execs Table 7'!R6,'execs Table 7'!T6,'execs Table 7'!V6,'execs Table 7'!X6,'execs Table 7'!Z6,'execs Table 7'!D6,'execs Table 7'!F6,'execs Table 7'!AB6,'execs Table 7'!AD6,'execs Table 7'!AF6,'execs Table 7'!AH6,'execs Table 7'!AJ6,'execs Table 7'!AL6,'execs Table 7'!AN6,'execs Table 7'!AP6) -> 5.345 | Y16: =(W16-$AR16)/$AR16 -> 0 | Z16: =IF(W16=$AR16,1,0) -> 1 | AR16: =MIN(C16,G16,K16,O16,S16,W16,AA16,AE16,AI16,AM16) -> 159
B17: ash608 | C17: 334 | D17: - | E17: =(C17-$AR17)/$AR17 -> 0.18021201 | F17: =IF(C17=$AR17,1,0) -> 0 | G17: 332 | H17: - | I17: =(G17-$AR17)/$AR17 -> 0.17314488 | J17: =IF(G17=$AR17,1,0) -> 0 | K17: 328 | L17: - | M17: =(K17-$AR17)/$AR17 -> 0.1590106 | N17: =IF(K17=$AR17,1,0) -> 0 | O17: ='execs Table 7'!C7 -> 283 | P17: ='execs Table 7'!D7 -> 1.3609999 | Q17: =(O17-$AR17)/$AR17 -> 0 | R17: =IF(O17=$AR17,1,0) -> 1 | S17: =MIN('execs Table 7'!C7,'execs Table 7'!E7,'execs Table 7'!G7,'execs Table 7'!I7,'execs Table 7'!K7,'execs Table 7'!M7,'execs Table 7'!O7,'execs Table 7'!Q7,'execs Table 7'!S7,'execs Table 7'!U7) -> 283 | T17: =SUM('execs Table 7'!D7,'execs Table 7'!F7,'execs Table 7'!H7,'execs Table 7'!J7,'execs Table 7'!L7,'execs Table 7'!N7,'execs Table 7'!P7,'execs Table 7'!R7,'execs Table 7'!T7,'execs Table 7'!V7) -> 15.314 | U17: =(S17-$AR17)/$AR17 -> 0 | V17: =IF(S17=$AR17,1,0) -> 1 | W17: =MIN('execs Table 7'!G7,'execs Table 7'!I7,'execs Table 7'!K7,'execs Table 7'!M7,'execs Table 7'!O7,'execs Table 7'!Q7,'execs Table 7'!S7,'execs Table 7'!U7,'execs Table 7'!W7,'execs Table 7'!Y7,'execs Table 7'!C7,'execs Table 7'!E7,'execs Table 7'!AA7,'execs Table 7'!AC7,'execs Table 7'!AE7,'execs Table 7'!AG7,'execs Table 7'!AI7,'execs Table 7'!AK7,'execs Table 7'!AM7,'execs Table 7'!AO7) -> 283 | X17: =SUM('execs Table 7'!H7,'execs Table 7'!J7,'execs Table 7'!L7,'execs Table 7'!N7,'execs Table 7'!P7,'execs Table 7'!R7,'execs Table 7'!T7,'execs Table 7'!V7,'execs Table 7'!X7,'execs Table 7'!Z7,'execs Table 7'!D7,'execs Table 7'!F7,'execs Table 7'!AB7,'execs Table 7'!AD7,'execs Table 7'!AF7,'execs Table 7'!AH7,'execs Table 7'!AJ7,'execs Table 7'!AL7,'execs Table 7'!AN7,'execs Table 7'!AP7) -> 33.581 | Y17: =(W17-$AR17)/$AR17 -> 0 | Z17: =IF(W17=$AR17,1,0) -> 1 | AR17: =MIN(C17,G17,K17,O17,S17,W17,AA17,AE17,AI17,AM17) -> 283
B18: ash85 | C18: 47 | D18: - | E18: =(C18-$AR18)/$AR18 -> 0.068181818 | F18: =IF(C18=$AR18,1,0) -> 0 | G18: 47 | H18: - | I18: =(G18-$AR18)/$AR18 -> 0.068181818 | J18: =IF(G18=$AR18,1,0) -> 0 | K18: 47 | L18: - | M18: =(K18-$AR18)/$AR18 -> 0.068181818 | N18: =IF(K18=$AR18,1,0) -> 0 | O18: ='execs Table 7'!C8 -> 45 | P18: ='execs Table 7'!D8 -> 0.029999999 | Q18: =(O18-$AR18)/$AR18 -> 0.022727273 | R18: =IF(O18=$AR18,1,0) -> 0 | S18: =MIN('execs Table 7'!C8,'execs Table 7'!E8,'execs Table 7'!G8,'execs Table 7'!I8,'execs Table 7'!K8,'execs Table 7'!M8,'execs Table 7'!O8,'execs Table 7'!Q8,'execs Table 7'!S8,'execs Table 7'!U8) -> 45 | T18: =SUM('execs Table 7'!D8,'execs Table 7'!F8,'execs Table 7'!H8,'execs Table 7'!J8,'execs Table 7'!L8,'execs Table 7'!N8,'execs Table 7'!P8,'execs Table 7'!R8,'execs Table 7'!T8,'execs Table 7'!V8) -> 0.293 | U18: =(S18-$AR18)/$AR18 -> 0.022727273 | V18: =IF(S18=$AR18,1,0) -> 0 | W18: =MIN('execs Table 7'!G8,'execs Table 7'!I8,'execs Table 7'!K8,'execs Table 7'!M8,'execs Table 7'!O8,'execs Table 7'!Q8,'execs Table 7'!S8,'execs Table 7'!U8,'execs Table 7'!W8,'execs Table 7'!Y8,'execs Table 7'!C8,'execs Table 7'!E8,'execs Table 7'!AA8,'execs Table 7'!AC8,'execs Table 7'!AE8,'execs Table 7'!AG8,'execs Table 7'!AI8,'execs Table 7'!AK8,'execs Table 7'!AM8,'execs Table 7'!AO8) -> 44 | X18: =SUM('execs Table 7'!H8,'execs Table 7'!J8,'execs Table 7'!L8,'execs Table 7'!N8,'execs Table 7'!P8,'execs Table 7'!R8,'execs Table 7'!T8,'execs Table 7'!V8,'execs Table 7'!X8,'execs Table 7'!Z8,'execs Table 7'!D8,'execs Table 7'!F8,'execs Table 7'!AB8,'execs Table 7'!AD8,'execs Table 7'!AF8,'execs Table 7'!AH8,'execs Table 7'!AJ8,'execs Table 7'!AL8,'execs Table 7'!AN8,'execs Table 7'!AP8) -> 0.576 | Y18: =(W18-$AR18)/$AR18 -> 0 | Z18: =IF(W18=$AR18,1,0) -> 1 | AR18: =MIN(C18,G18,K18,O18,S18,W18,AA18,AE18,AI18,AM18) -> 44
B19: ash958 | C19: 517 | D19: - | E19: =(C19-$AR19)/$AR19 -> 0.20232558 | F19: =IF(C19=$AR19,1,0) -> 0 | G19: 516 | H19: - | I19: =(G19-$AR19)/$AR19 -> 0.2 | J19: =IF(G19=$AR19,1,0) -> 0 | K19: 515 | L19: - | M19: =(K19-$AR19)/$AR19 -> 0.19767442 | N19: =IF(K19=$AR19,1,0) -> 0 | O19: ='execs Table 7'!C9 -> 431 | P19: ='execs Table 7'!D9 -> 3.6389999 | Q19: =(O19-$AR19)/$AR19 -> 0.0023255814 | R19: =IF(O19=$AR19,1,0) -> 0 | S19: =MIN('execs Table 7'!C9,'execs Table 7'!E9,'execs Table 7'!G9,'execs Table 7'!I9,'execs Table 7'!K9,'execs Table 7'!M9,'execs Table 7'!O9,'execs Table 7'!Q9,'execs Table 7'!S9,'execs Table 7'!U9) -> 430 | T19: =SUM('execs Table 7'!D9,'execs Table 7'!F9,'execs Table 7'!H9,'execs Table 7'!J9,'execs Table 7'!L9,'execs Table 7'!N9,'execs Table 7'!P9,'execs Table 7'!R9,'execs Table 7'!T9,'execs Table 7'!V9) -> 32.823 | U19: =(S19-$AR19)/$AR19 -> 0 | V19: =IF(S19=$AR19,1,0) -> 1 | W19: =MIN('execs Table 7'!G9,'execs Table 7'!I9,'execs Table 7'!K9,'execs Table 7'!M9,'execs Table 7'!O9,'execs Table 7'!Q9,'execs Table 7'!S9,'execs Table 7'!U9,'execs Table 7'!W9,'execs Table 7'!Y9,'execs Table 7'!C9,'execs Table 7'!E9,'execs Table 7'!AA9,'execs Table 7'!AC9,'execs Table 7'!AE9,'execs Table 7'!AG9,'execs Table 7'!AI9,'execs Table 7'!AK9,'execs Table 7'!AM9,'execs Table 7'!AO9) -> 430 | X19: =SUM('execs Table 7'!H9,'execs Table 7'!J9,'execs Table 7'!L9,'execs Table 7'!N9,'execs Table 7'!P9,'execs Table 7'!R9,'execs Table 7'!T9,'execs Table 7'!V9,'execs Table 7'!X9,'execs Table 7'!Z9,'execs Table 7'!D9,'execs Table 7'!F9,'execs Table 7'!AB9,'execs Table 7'!AD9,'execs Table 7'!AF9,'execs Table 7'!AH9,'execs Table 7'!AJ9,'execs Table 7'!AL9,'execs Table 7'!AN9,'execs Table 7'!AP9) -> 66.865 | Y19: =(W19-$AR19)/$AR19 -> 0 | Z19: =IF(W19=$AR19,1,0) -> 1 | AR19: =MIN(C19,G19,K19,O19,S19,W19,AA19,AE19,AI19,AM19) -> 430
B20: bcspwr01 | C20: 39 | D20: - | E20: =(C20-$AR20)/$AR20 -> 0.083333333 | F20: =IF(C20=$AR20,1,0) -> 0 | G20: 37 | H20: - | I20: =(G20-$AR20)/$AR20 -> 0.027777778 | J20: =IF(G20=$AR20,1,0) -> 0 | K20: 36 | L20: - | M20: =(K20-$AR20)/$AR20 -> 0 | N20: =IF(K20=$AR20,1,0) -> 1 | O20: ='execs Table 7'!C10 -> 36 | P20: ='execs Table 7'!D10 -> 0.0020000001 | Q20: =(O20-$AR20)/$AR20 -> 0 | R20: =IF(O20=$AR20,1,0) -> 1 | S20: =MIN('execs Table 7'!C10,'execs Table 7'!E10,'execs Table 7'!G10,'execs Table 7'!I10,'execs Table 7'!K10,'execs Table 7'!M10,'execs Table 7'!O10,'execs Table 7'!Q10,'execs Table 7'!S10,'execs Table 7'!U10) -> 36 | T20: =SUM('execs Table 7'!D10,'execs Table 7'!F10,'execs Table 7'!H10,'execs Table 7'!J10,'execs Table 7'!L10,'execs Table 7'!N10,'execs Table 7'!P10,'execs Table 7'!R10,'execs Table 7'!T10,'execs Table 7'!V10) -> 0.028000001 | U20: =(S20-$AR20)/$AR20 -> 0 | V20: =IF(S20=$AR20,1,0) -> 1 | W20: =MIN('execs Table 7'!G10,'execs Table 7'!I10,'execs Table 7'!K10,'execs Table 7'!M10,'execs Table 7'!O10,'execs Table 7'!Q10,'execs Table 7'!S10,'execs Table 7'!U10,'execs Table 7'!W10,'execs Table 7'!Y10,'execs Table 7'!C10,'execs Table 7'!E10,'execs Table 7'!AA10,'execs Table 7'!AC10,'execs Table 7'!AE10,'execs Table 7'!AG10,'execs Table 7'!AI10,'execs Table 7'!AK10,'execs Table 7'!AM10,'execs Table 7'!AO10) -> 36 | X20: =SUM('execs Table 7'!H10,'execs Table 7'!J10,'execs Table 7'!L10,'execs Table 7'!N10,'execs Table 7'!P10,'execs Table 7'!R10,'execs Table 7'!T10,'execs Table 7'!V10,'execs Table 7'!X10,'execs Table 7'!Z10,'execs Table 7'!D10,'execs Table 7'!F10,'execs Table 7'!AB10,'execs Table 7'!AD10,'execs Table 7'!AF10,'execs Table 7'!AH10,'execs Table 7'!AJ10,'execs Table 7'!AL10,'execs Table 7'!AN10,'execs Table 7'!AP10) -> 0.053000002 | Y20: =(W20-$AR20)/$AR20 -> 0 | Z20: =IF(W20=$AR20,1,0) -> 1 | AR20: =MIN(C20,G20,K20,O20,S20,W20,AA20,AE20,AI20,AM20) -> 36
B21: bcspwr02 | C21: 43 | D21: - | E21: =(C21-$AR21)/$AR21 -> 0.023809524 | F21: =IF(C21=$AR21,1,0) -> 0 | G21: 43 | H21: - | I21: =(G21-$AR21)/$AR21 -> 0.023809524 | J21: =IF(G21=$AR21,1,0) -> 0 | K21: 43 | L21: - | M21: =(K21-$AR21)/$AR21 -> 0.023809524 | N21: =IF(K21=$AR21,1,0) -> 0 | O21: ='execs Table 7'!C11 -> 42 | P21: ='execs Table 7'!D11 -> 0.003 | Q21: =(O21-$AR21)/$AR21 -> 0 | R21: =IF(O21=$AR21,1,0) -> 1 | S21: =MIN('execs Table 7'!C11,'execs Table 7'!E11,'execs Table 7'!G11,'execs Table 7'!I11,'execs Table 7'!K11,'execs Table 7'!M11,'execs Table 7'!O11,'execs Table 7'!Q11,'execs Table 7'!S11,'execs Table 7'!U11) -> 42 | T21: =SUM('execs Table 7'!D11,'execs Table 7'!F11,'execs Table 7'!H11,'execs Table 7'!J11,'execs Table 7'!L11,'execs Table 7'!N11,'execs Table 7'!P11,'execs Table 7'!R11,'execs Table 7'!T11,'execs Table 7'!V11) -> 0.03 | U21: =(S21-$AR21)/$AR21 -> 0 | V21: =IF(S21=$AR21,1,0) -> 1 | W21: =MIN('execs Table 7'!G11,'execs Table 7'!I11,'execs Table 7'!K11,'execs Table 7'!M11,'execs Table 7'!O11,'execs Table 7'!Q11,'execs Table 7'!S11,'execs Table 7'!U11,'execs Table 7'!W11,'execs Table 7'!Y11,'execs Table 7'!C11,'execs Table 7'!E11,'execs Table 7'!AA11,'execs Table 7'!AC11,'execs Table 7'!AE11,'execs Table 7'!AG11,'execs Table 7'!AI11,'execs Table 7'!AK11,'execs Table 7'!AM11,'execs Table 7'!AO11) -> 42 | X21: =SUM('execs Table 7'!H11,'execs Table 7'!J11,'execs Table 7'!L11,'execs Table 7'!N11,'execs Table 7'!P11,'execs Table 7'!R11,'execs Table 7'!T11,'execs Table 7'!V11,'execs Table 7'!X11,'execs Table 7'!Z11,'execs Table 7'!D11,'execs Table 7'!F11,'execs Table 7'!AB11,'execs Table 7'!AD11,'execs Table 7'!AF11,'execs Table 7'!AH11,'execs Table 7'!AJ11,'execs Table 7'!AL11,'execs Table 7'!AN11,'execs Table 7'!AP11) -> 0.059000001 | Y21: =(W21-$AR21)/$AR21 -> 0 | Z21: =IF(W21=$AR21,1,0) -> 1 | AR21: =MIN(C21,G21,K21,O21,S21,W21,AA21,AE21,AI21,AM21) -> 42
B22: bcspwr03 | C22: 101 | D22: - | E22: =(C22-$AR22)/$AR22 -> 0.10989011 | F22: =IF(C22=$AR22,1,0) -> 0 | G22: 96 | H22: - | I22: =(G22-$AR22)/$AR22 -> 0.054945055 | J22: =IF(G22=$AR22,1,0) -> 0 | K22: 97 | L22: - | M22: =(K22-$AR22)/$AR22 -> 0.065934066 | N22: =IF(K22=$AR22,1,0) -> 0 | O22: ='execs Table 7'!C12 -> 91 | P22: ='execs Table 7'!D12 -> 0.025 | Q22: =(O22-$AR22)/$AR22 -> 0 | R22: =IF(O22=$AR22,1,0) -> 1 | S22: =MIN('execs Table 7'!C12,'execs Table 7'!E12,'execs Table 7'!G12,'execs Table 7'!I12,'execs Table 7'!K12,'execs Table 7'!M12,'execs Table 7'!O12,'execs Table 7'!Q12,'execs Table 7'!S12,'execs Table 7'!U12) -> 91 | T22: =SUM('execs Table 7'!D12,'execs Table 7'!F12,'execs Table 7'!H12,'execs Table 7'!J12,'execs Table 7'!L12,'execs Table 7'!N12,'execs Table 7'!P12,'execs Table 7'!R12,'execs Table 7'!T12,'execs Table 7'!V12) -> 0.264 | U22: =(S22-$AR22)/$AR22 -> 0 | V22: =IF(S22=$AR22,1,0) -> 1 | W22: =MIN('execs Table 7'!G12,'execs Table 7'!I12,'execs Table 7'!K12,'execs Table 7'!M12,'execs Table 7'!O12,'execs Table 7'!Q12,'execs Table 7'!S12,'execs Table 7'!U12,'execs Table 7'!W12,'execs Table 7'!Y12,'execs Table 7'!C12,'execs Table 7'!E12,'execs Table 7'!AA12,'execs Table 7'!AC12,'execs Table 7'!AE12,'execs Table 7'!AG12,'execs Table 7'!AI12,'execs Table 7'!AK12,'execs Table 7'!AM12,'execs Table 7'!AO12) -> 91 | X22: =SUM('execs Table 7'!H12,'execs Table 7'!J12,'execs Table 7'!L12,'execs Table 7'!N12,'execs Table 7'!P12,'execs Table 7'!R12,'execs Table 7'!T12,'execs Table 7'!V12,'execs Table 7'!X12,'execs Table 7'!Z12,'execs Table 7'!D12,'execs Table 7'!F12,'execs Table 7'!AB12,'execs Table 7'!AD12,'execs Table 7'!AF12,'execs Table 7'!AH12,'execs Table 7'!AJ12,'execs Table 7'!AL12,'execs Table 7'!AN12,'execs Table 7'!AP12) -> 0.534 | Y22: =(W22-$AR22)/$AR22 -> 0 | Z22: =IF(W22=$AR22,1,0) -> 1 | AR22: =MIN(C22,G22,K22,O22,S22,W22,AA22,AE22,AI22,AM22) -> 91
B23: bcspwr04 | C23: 197 | D23: - | E23: =(C23-$AR23)/$AR23 -> 0.094444444 | F23: =IF(C23=$AR23,1,0) -> 0 | G23: 194 | H23: - | I23: =(G23-$AR23)/$AR23 -> 0.077777778 | J23: =IF(G23=$AR23,1,0) -> 0 | K23: 195 | L23: - | M23: =(K23-$AR23)/$AR23 -> 0.083333333 | N23: =IF(K23=$AR23,1,0) -> 0 | O23: ='execs Table 7'!C13 -> 180 | P23: ='execs Table 7'!D13 -> 0.55199999 | Q23: =(O23-$AR23)/$AR23 -> 0 | R23: =IF(O23=$AR23,1,0) -> 1 | S23: =MIN('execs Table 7'!C13,'execs Table 7'!E13,'execs Table 7'!G13,'execs Table 7'!I13,'execs Table 7'!K13,'execs Table 7'!M13,'execs Table 7'!O13,'execs Table 7'!Q13,'execs Table 7'!S13,'execs Table 7'!U13) -> 180 | T23: =SUM('execs Table 7'!D13,'execs Table 7'!F13,'execs Table 7'!H13,'execs Table 7'!J13,'execs Table 7'!L13,'execs Table 7'!N13,'execs Table 7'!P13,'execs Table 7'!R13,'execs Table 7'!T13,'execs Table 7'!V13) -> 5.6 | U23: =(S23-$AR23)/$AR23 -> 0 | V23: =IF(S23=$AR23,1,0) -> 1 | W23: =MIN('execs Table 7'!G13,'execs Table 7'!I13,'execs Table 7'!K13,'execs Table 7'!M13,'execs Table 7'!O13,'execs Table 7'!Q13,'execs Table 7'!S13,'execs Table 7'!U13,'execs Table 7'!W13,'execs Table 7'!Y13,'execs Table 7'!C13,'execs Table 7'!E13,'execs Table 7'!AA13,'execs Table 7'!AC13,'execs Table 7'!AE13,'execs Table 7'!AG13,'execs Table 7'!AI13,'execs Table 7'!AK13,'execs Table 7'!AM13,'execs Table 7'!AO13) -> 180 | X23: =SUM('execs Table 7'!H13,'execs Table 7'!J13,'execs Table 7'!L13,'execs Table 7'!N13,'execs Table 7'!P13,'execs Table 7'!R13,'execs Table 7'!T13,'execs Table 7'!V13,'execs Table 7'!X13,'execs Table 7'!Z13,'execs Table 7'!D13,'execs Table 7'!F13,'execs Table 7'!AB13,'execs Table 7'!AD13,'execs Table 7'!AF13,'execs Table 7'!AH13,'execs Table 7'!AJ13,'execs Table 7'!AL13,'execs Table 7'!AN13,'execs Table 7'!AP13) -> 11.074 | Y23: =(W23-$AR23)/$AR23 -> 0 | Z23: =IF(W23=$AR23,1,0) -> 1 | AR23: =MIN(C23,G23,K23,O23,S23,W23,AA23,AE23,AI23,AM23) -> 180
B24: bcspwr05 | C24: 412 | D24: - | E24: =(C24-$AR24)/$AR24 -> 0.11653117 | F24: =IF(C24=$AR24,1,0) -> 0 | G24: 405 | H24: - | I24: =(G24-$AR24)/$AR24 -> 0.097560976 | J24: =IF(G24=$AR24,1,0) -> 0 | K24: 398 | L24: - | M24: =(K24-$AR24)/$AR24 -> 0.078590786 | N24: =IF(K24=$AR24,1,0) -> 0 | O24: ='execs Table 7'!C14 -> 371 | P24: ='execs Table 7'!D14 -> 0.47099999 | Q24: =(O24-$AR24)/$AR24 -> 0.0054200542 | R24: =IF(O24=$AR24,1,0) -> 0 | S24: =MIN('execs Table 7'!C14,'execs Table 7'!E14,'execs Table 7'!G14,'execs Table 7'!I14,'execs Table 7'!K14,'execs Table 7'!M14,'execs Table 7'!O14,'execs Table 7'!Q14,'execs Table 7'!S14,'execs Table 7'!U14) -> 369 | T24: =SUM('execs Table 7'!D14,'execs Table 7'!F14,'execs Table 7'!H14,'execs Table 7'!J14,'execs Table 7'!L14,'execs Table 7'!N14,'execs Table 7'!P14,'execs Table 7'!R14,'execs Table 7'!T14,'execs Table 7'!V14) -> 5.602 | U24: =(S24-$AR24)/$AR24 -> 0 | V24: =IF(S24=$AR24,1,0) -> 1 | W24: =MIN('execs Table 7'!G14,'execs Table 7'!I14,'execs Table 7'!K14,'execs Table 7'!M14,'execs Table 7'!O14,'execs Table 7'!Q14,'execs Table 7'!S14,'execs Table 7'!U14,'execs Table 7'!W14,'execs Table 7'!Y14,'execs Table 7'!C14,'execs Table 7'!E14,'execs Table 7'!AA14,'execs Table 7'!AC14,'execs Table 7'!AE14,'execs Table 7'!AG14,'execs Table 7'!AI14,'execs Table 7'!AK14,'execs Table 7'!AM14,'execs Table 7'!AO14) -> 369 | X24: =SUM('execs Table 7'!H14,'execs Table 7'!J14,'execs Table 7'!L14,'execs Table 7'!N14,'execs Table 7'!P14,'execs Table 7'!R14,'execs Table 7'!T14,'execs Table 7'!V14,'execs Table 7'!X14,'execs Table 7'!Z14,'execs Table 7'!D14,'execs Table 7'!F14,'execs Table 7'!AB14,'execs Table 7'!AD14,'execs Table 7'!AF14,'execs Table 7'!AH14,'execs Table 7'!AJ14,'execs Table 7'!AL14,'execs Table 7'!AN14,'execs Table 7'!AP14) -> 10.384 | Y24: =(W24-$AR24)/$AR24 -> 0 | Z24: =IF(W24=$AR24,1,0) -> 1 | AR24: =MIN(C24,G24,K24,O24,S24,W24,AA24,AE24,AI24,AM24) -> 369
B25: bcspwr06 | C25: - | D25: - | E25: =(C25-$AR25)/$AR25 -> #VALUE! | F25: =IF(C25=$AR25,1,0) -> 0 | G25: - | H25: - | I25: =(G25-$AR25)/$AR25 -> #VALUE! | J25: =IF(G25=$AR25,1,0) -> 0 | K25: - | L25: - | M25: =(K25-$AR25)/$AR25 -> #VALUE! | N25: =IF(K25=$AR25,1,0) -> 0 | O25: ='execs Table 7'!C15 -> 1201 | P25: ='execs Table 7'!D15 -> 17.754 | Q25: =(O25-$AR25)/$AR25 -> 0 | R25: =IF(O25=$AR25,1,0) -> 1 | S25: =MIN('execs Table 7'!C15,'execs Table 7'!E15,'execs Table 7'!G15,'execs Table 7'!I15,'execs Table 7'!K15,'execs Table 7'!M15,'execs Table 7'!O15,'execs Table 7'!Q15,'execs Table 7'!S15,'execs Table 7'!U15) -> 1201 | T25: =SUM('execs Table 7'!D15,'execs Table 7'!F15,'execs Table 7'!H15,'execs Table 7'!J15,'execs Table 7'!L15,'execs Table 7'!N15,'execs Table 7'!P15,'execs Table 7'!R15,'execs Table 7'!T15,'execs Table 7'!V15) -> 127.132 | U25: =(S25-$AR25)/$AR25 -> 0 | V25: =IF(S25=$AR25,1,0) -> 1 | W25: =MIN('execs Table 7'!G15,'execs Table 7'!I15,'execs Table 7'!K15,'execs Table 7'!M15,'execs Table 7'!O15,'execs Table 7'!Q15,'execs Table 7'!S15,'execs Table 7'!U15,'execs Table 7'!W15,'execs Table 7'!Y15,'execs Table 7'!C15,'execs Table 7'!E15,'execs Table 7'!AA15,'execs Table 7'!AC15,'execs Table 7'!AE15,'execs Table 7'!AG15,'execs Table 7'!AI15,'execs Table 7'!AK15,'execs Table 7'!AM15,'execs Table 7'!AO15) -> 1201 | X25: =SUM('execs Table 7'!H15,'execs Table 7'!J15,'execs Table 7'!L15,'execs Table 7'!N15,'execs Table 7'!P15,'execs Table 7'!R15,'execs Table 7'!T15,'execs Table 7'!V15,'execs Table 7'!X15,'execs Table 7'!Z15,'execs Table 7'!D15,'execs Table 7'!F15,'execs Table 7'!AB15,'execs Table 7'!AD15,'execs Table 7'!AF15,'execs Table 7'!AH15,'execs Table 7'!AJ15,'execs Table 7'!AL15,'execs Table 7'!AN15,'execs Table 7'!AP15) -> 271.62 | Y25: =(W25-$AR25)/$AR25 -> 0 | Z25: =IF(W25=$AR25,1,0) -> 1 | AR25: =MIN(C25,G25,K25,O25,S25,W25,AA25,AE25,AI25,AM25) -> 1201
B26: bcspwr07 | C26: - | D26: - | E26: =(C26-$AR26)/$AR26 -> #VALUE! | F26: =IF(C26=$AR26,1,0) -> 0 | G26: - | H26: - | I26: =(G26-$AR26)/$AR26 -> #VALUE! | J26: =IF(G26=$AR26,1,0) -> 0 | K26: - | L26: - | M26: =(K26-$AR26)/$AR26 -> #VALUE! | N26: =IF(K26=$AR26,1,0) -> 0 | O26: ='execs Table 7'!C16 -> 1331 | P26: ='execs Table 7'!D16 -> 21.24 | Q26: =(O26-$AR26)/$AR26 -> 0.0037707391 | R26: =IF(O26=$AR26,1,0) -> 0 | S26: =MIN('execs Table 7'!C16,'execs Table 7'!E16,'execs Table 7'!G16,'execs Table 7'!I16,'execs Table 7'!K16,'execs Table 7'!M16,'execs Table 7'!O16,'execs Table 7'!Q16,'execs Table 7'!S16,'execs Table 7'!U16) -> 1326 | T26: =SUM('execs Table 7'!D16,'execs Table 7'!F16,'execs Table 7'!H16,'execs Table 7'!J16,'execs Table 7'!L16,'execs Table 7'!N16,'execs Table 7'!P16,'execs Table 7'!R16,'execs Table 7'!T16,'execs Table 7'!V16) -> 188.598 | U26: =(S26-$AR26)/$AR26 -> 0 | V26: =IF(S26=$AR26,1,0) -> 1 | W26: =MIN('execs Table 7'!G16,'execs Table 7'!I16,'execs Table 7'!K16,'execs Table 7'!M16,'execs Table 7'!O16,'execs Table 7'!Q16,'execs Table 7'!S16,'execs Table 7'!U16,'execs Table 7'!W16,'execs Table 7'!Y16,'execs Table 7'!C16,'execs Table 7'!E16,'execs Table 7'!AA16,'execs Table 7'!AC16,'execs Table 7'!AE16,'execs Table 7'!AG16,'execs Table 7'!AI16,'execs Table 7'!AK16,'execs Table 7'!AM16,'execs Table 7'!AO16) -> 1326 | X26: =SUM('execs Table 7'!H16,'execs Table 7'!J16,'execs Table 7'!L16,'execs Table 7'!N16,'execs Table 7'!P16,'execs Table 7'!R16,'execs Table 7'!T16,'execs Table 7'!V16,'execs Table 7'!X16,'execs Table 7'!Z16,'execs Table 7'!D16,'execs Table 7'!F16,'execs Table 7'!AB16,'execs Table 7'!AD16,'execs Table 7'!AF16,'execs Table 7'!AH16,'execs Table 7'!AJ16,'execs Table 7'!AL16,'execs Table 7'!AN16,'execs Table 7'!AP16) -> 419.942 | Y26: =(W26-$AR26)/$AR26 -> 0 | Z26: =IF(W26=$AR26,1,0) -> 1 | AR26: =MIN(C26,G26,K26,O26,S26,W26,AA26,AE26,AI26,AM26) -> 1326
B27: bcsstk01 | C27: 20 | D27: - | E27: =(C27-$AR27)/$AR27 -> 0.11111111 | F27: =IF(C27=$AR27,1,0) -> 0 | G27: 18 | H27: - | I27: =(G27-$AR27)/$AR27 -> 0 | J27: =IF(G27=$AR27,1,0) -> 1 | K27: 18 | L27: - | M27: =(K27-$AR27)/$AR27 -> 0 | N27: =IF(K27=$AR27,1,0) -> 1 | O27: ='execs Table 7'!C17 -> 18 | P27: ='execs Table 7'!D17 -> 0.02 | Q27: =(O27-$AR27)/$AR27 -> 0 | R27: =IF(O27=$AR27,1,0) -> 1 | S27: =MIN('execs Table 7'!C17,'execs Table 7'!E17,'execs Table 7'!G17,'execs Table 7'!I17,'execs Table 7'!K17,'execs Table 7'!M17,'execs Table 7'!O17,'execs Table 7'!Q17,'execs Table 7'!S17,'execs Table 7'!U17) -> 18 | T27: =SUM('execs Table 7'!D17,'execs Table 7'!F17,'execs Table 7'!H17,'execs Table 7'!J17,'execs Table 7'!L17,'execs Table 7'!N17,'execs Table 7'!P17,'execs Table 7'!R17,'execs Table 7'!T17,'execs Table 7'!V17) -> 0.191 | U27: =(S27-$AR27)/$AR27 -> 0 | V27: =IF(S27=$AR27,1,0) -> 1 | W27: =MIN('execs Table 7'!G17,'execs Table 7'!I17,'execs Table 7'!K17,'execs Table 7'!M17,'execs Table 7'!O17,'execs Table 7'!Q17,'execs Table 7'!S17,'execs Table 7'!U17,'execs Table 7'!W17,'execs Table 7'!Y17,'execs Table 7'!C17,'execs Table 7'!E17,'execs Table 7'!AA17,'execs Table 7'!AC17,'execs Table 7'!AE17,'execs Table 7'!AG17,'execs Table 7'!AI17,'execs Table 7'!AK17,'execs Table 7'!AM17,'execs Table 7'!AO17) -> 18 | X27: =SUM('execs Table 7'!H17,'execs Table 7'!J17,'execs Table 7'!L17,'execs Table 7'!N17,'execs Table 7'!P17,'execs Table 7'!R17,'execs Table 7'!T17,'execs Table 7'!V17,'execs Table 7'!X17,'execs Table 7'!Z17,'execs Table 7'!D17,'execs Table 7'!F17,'execs Table 7'!AB17,'execs Table 7'!AD17,'execs Table 7'!AF17,'execs Table 7'!AH17,'execs Table 7'!AJ17,'execs Table 7'!AL17,'execs Table 7'!AN17,'execs Table 7'!AP17) -> 0.398 | Y27: =(W27-$AR27)/$AR27 -> 0 | Z27: =IF(W27=$AR27,1,0) -> 1 | AR27: =MIN(C27,G27,K27,O27,S27,W27,AA27,AE27,AI27,AM27) -> 18
B28: bcsstk02 | C28: 3 | D28: - | E28: =(C28-$AR28)/$AR28 -> 0 | F28: =IF(C28=$AR28,1,0) -> 1 | G28: 3 | H28: - | I28: =(G28-$AR28)/$AR28 -> 0 | J28: =IF(G28=$AR28,1,0) -> 1 | K28: 3 | L28: - | M28: =(K28-$AR28)/$AR28 -> 0 | N28: =IF(K28=$AR28,1,0) -> 1 | O28: ='execs Table 7'!C18 -> 3 | P28: ='execs Table 7'!D18 -> 3.063 | Q28: =(O28-$AR28)/$AR28 -> 0 | R28: =IF(O28=$AR28,1,0) -> 1 | S28: =MIN('execs Table 7'!C18,'execs Table 7'!E18,'execs Table 7'!G18,'execs Table 7'!I18,'execs Table 7'!K18,'execs Table 7'!M18,'execs Table 7'!O18,'execs Table 7'!Q18,'execs Table 7'!S18,'execs Table 7'!U18) -> 3 | T28: =SUM('execs Table 7'!D18,'execs Table 7'!F18,'execs Table 7'!H18,'execs Table 7'!J18,'execs Table 7'!L18,'execs Table 7'!N18,'execs Table 7'!P18,'execs Table 7'!R18,'execs Table 7'!T18,'execs Table 7'!V18) -> 31.277 | U28: =(S28-$AR28)/$AR28 -> 0 | V28: =IF(S28=$AR28,1,0) -> 1 | W28: =MIN('execs Table 7'!G18,'execs Table 7'!I18,'execs Table 7'!K18,'execs Table 7'!M18,'execs Table 7'!O18,'execs Table 7'!Q18,'execs Table 7'!S18,'execs Table 7'!U18,'execs Table 7'!W18,'execs Table 7'!Y18,'execs Table 7'!C18,'execs Table 7'!E18,'execs Table 7'!AA18,'execs Table 7'!AC18,'execs Table 7'!AE18,'execs Table 7'!AG18,'execs Table 7'!AI18,'execs Table 7'!AK18,'execs Table 7'!AM18,'execs Table 7'!AO18) -> 3 | X28: =SUM('execs Table 7'!H18,'execs Table 7'!J18,'execs Table 7'!L18,'execs Table 7'!N18,'execs Table 7'!P18,'execs Table 7'!R18,'execs Table 7'!T18,'execs Table 7'!V18,'execs Table 7'!X18,'execs Table 7'!Z18,'execs Table 7'!D18,'execs Table 7'!F18,'execs Table 7'!AB18,'execs Table 7'!AD18,'execs Table 7'!AF18,'execs Table 7'!AH18,'execs Table 7'!AJ18,'execs Table 7'!AL18,'execs Table 7'!AN18,'execs Table 7'!AP18) -> 62.99 | Y28: =(W28-$AR28)/$AR28 -> 0 | Z28: =IF(W28=$AR28,1,0) -> 1 | AR28: =MIN(C28,G28,K28,O28,S28,W28,AA28,AE28,AI28,AM28) -> 3
B29: bcsstk03 | C29: 66 | D29: - | E29: =(C29-$AR29)/$AR29 -> 0.064516129 | F29: =IF(C29=$AR29,1,0) -> 0 | G29: 65 | H29: - | I29: =(G29-$AR29)/$AR29 -> 0.048387097 | J29: =IF(G29=$AR29,1,0) -> 0 | K29: 66 | L29: - | M29: =(K29-$AR29)/$AR29 -> 0.064516129 | N29: =IF(K29=$AR29,1,0) -> 0 | O29: ='execs Table 7'!C19 -> 62 | P29: ='execs Table 7'!D19 -> 0.017000001 | Q29: =(O29-$AR29)/$AR29 -> 0 | R29: =IF(O29=$AR29,1,0) -> 1 | S29: =MIN('execs Table 7'!C19,'execs Table 7'!E19,'execs Table 7'!G19,'execs Table 7'!I19,'execs Table 7'!K19,'execs Table 7'!M19,'execs Table 7'!O19,'execs Table 7'!Q19,'execs Table 7'!S19,'execs Table 7'!U19) -> 62 | T29: =SUM('execs Table 7'!D19,'execs Table 7'!F19,'execs Table 7'!H19,'execs Table 7'!J19,'execs Table 7'!L19,'execs Table 7'!N19,'execs Table 7'!P19,'execs Table 7'!R19,'execs Table 7'!T19,'execs Table 7'!V19) -> 0.189 | U29: =(S29-$AR29)/$AR29 -> 0 | V29: =IF(S29=$AR29,1,0) -> 1 | W29: =MIN('execs Table 7'!G19,'execs Table 7'!I19,'execs Table 7'!K19,'execs Table 7'!M19,'execs Table 7'!O19,'execs Table 7'!Q19,'execs Table 7'!S19,'execs Table 7'!U19,'execs Table 7'!W19,'execs Table 7'!Y19,'execs Table 7'!C19,'execs Table 7'!E19,'execs Table 7'!AA19,'execs Table 7'!AC19,'execs Table 7'!AE19,'execs Table 7'!AG19,'execs Table 7'!AI19,'execs Table 7'!AK19,'execs Table 7'!AM19,'execs Table 7'!AO19) -> 62 | X29: =SUM('execs Table 7'!H19,'execs Table 7'!J19,'execs Table 7'!L19,'execs Table 7'!N19,'execs Table 7'!P19,'execs Table 7'!R19,'execs Table 7'!T19,'execs Table 7'!V19,'execs Table 7'!X19,'execs Table 7'!Z19,'execs Table 7'!D19,'execs Table 7'!F19,'execs Table 7'!AB19,'execs Table 7'!AD19,'execs Table 7'!AF19,'execs Table 7'!AH19,'execs Table 7'!AJ19,'execs Table 7'!AL19,'execs Table 7'!AN19,'execs Table 7'!AP19) -> 0.41 | Y29: =(W29-$AR29)/$AR29 -> 0 | Z29: =IF(W29=$AR29,1,0) -> 1 | AR29: =MIN(C29,G29,K29,O29,S29,W29,AA29,AE29,AI29,AM29) -> 62
B30: bcsstk04 | C30: 24 | D30: - | E30: =(C30-$AR30)/$AR30 -> 0.090909091 | F30: =IF(C30=$AR30,1,0) -> 0 | G30: 24 | H30: - | I30: =(G30-$AR30)/$AR30 -> 0.090909091 | J30: =IF(G30=$AR30,1,0) -> 0 | K30: 24 | L30: - | M30: =(K30-$AR30)/$AR30 -> 0.090909091 | N30: =IF(K30=$AR30,1,0) -> 0 | O30: ='execs Table 7'!C20 -> 24 | P30: ='execs Table 7'!D20 -> 1.035 | Q30: =(O30-$AR30)/$AR30 -> 0.090909091 | R30: =IF(O30=$AR30,1,0) -> 0 | S30: =MIN('execs Table 7'!C20,'execs Table 7'!E20,'execs Table 7'!G20,'execs Table 7'!I20,'execs Table 7'!K20,'execs Table 7'!M20,'execs Table 7'!O20,'execs Table 7'!Q20,'execs Table 7'!S20,'execs Table 7'!U20) -> 22 | T30: =SUM('execs Table 7'!D20,'execs Table 7'!F20,'execs Table 7'!H20,'execs Table 7'!J20,'execs Table 7'!L20,'execs Table 7'!N20,'execs Table 7'!P20,'execs Table 7'!R20,'execs Table 7'!T20,'execs Table 7'!V20) -> 14.4 | U30: =(S30-$AR30)/$AR30 -> 0 | V30: =IF(S30=$AR30,1,0) -> 1 | W30: =MIN('execs Table 7'!G20,'execs Table 7'!I20,'execs Table 7'!K20,'execs Table 7'!M20,'execs Table 7'!O20,'execs Table 7'!Q20,'execs Table 7'!S20,'execs Table 7'!U20,'execs Table 7'!W20,'execs Table 7'!Y20,'execs Table 7'!C20,'execs Table 7'!E20,'execs Table 7'!AA20,'execs Table 7'!AC20,'execs Table 7'!AE20,'execs Table 7'!AG20,'execs Table 7'!AI20,'execs Table 7'!AK20,'execs Table 7'!AM20,'execs Table 7'!AO20) -> 22 | X30: =SUM('execs Table 7'!H20,'execs Table 7'!J20,'execs Table 7'!L20,'execs Table 7'!N20,'execs Table 7'!P20,'execs Table 7'!R20,'execs Table 7'!T20,'execs Table 7'!V20,'execs Table 7'!X20,'execs Table 7'!Z20,'execs Table 7'!D20,'execs Table 7'!F20,'execs Table 7'!AB20,'execs Table 7'!AD20,'execs Table 7'!AF20,'execs Table 7'!AH20,'execs Table 7'!AJ20,'execs Table 7'!AL20,'execs Table 7'!AN20,'execs Table 7'!AP20) -> 26.7 | Y30: =(W30-$AR30)/$AR30 -> 0 | Z30: =IF(W30=$AR30,1,0) -> 1 | AR30: =MIN(C30,G30,K30,O30,S30,W30,AA30,AE30,AI30,AM30) -> 22
B31: blckhole | C31: - | D31: - | E31: =(C31-$AR31)/$AR31 -> #VALUE! | F31: =IF(C31=$AR31,1,0) -> 0 | G31: - | H31: - | I31: =(G31-$AR31)/$AR31 -> #VALUE! | J31: =IF(G31=$AR31,1,0) -> 0 | K31: - | L31: - | M31: =(K31-$AR31)/$AR31 -> #VALUE! | N31: =IF(K31=$AR31,1,0) -> 0 | O31: ='execs Table 7'!C21 -> 1061 | P31: ='execs Table 7'!D21 -> 22.407 | Q31: =(O31-$AR31)/$AR31 -> 0.045320197 | R31: =IF(O31=$AR31,1,0) -> 0 | S31: =MIN('execs Table 7'!C21,'execs Table 7'!E21,'execs Table 7'!G21,'execs Table 7'!I21,'execs Table 7'!K21,'execs Table 7'!M21,'execs Table 7'!O21,'execs Table 7'!Q21,'execs Table 7'!S21,'execs Table 7'!U21) -> 1015 | T31: =SUM('execs Table 7'!D21,'execs Table 7'!F21,'execs Table 7'!H21,'execs Table 7'!J21,'execs Table 7'!L21,'execs Table 7'!N21,'execs Table 7'!P21,'execs Table 7'!R21,'execs Table 7'!T21,'execs Table 7'!V21) -> 229.821 | U31: =(S31-$AR31)/$AR31 -> 0 | V31: =IF(S31=$AR31,1,0) -> 1 | W31: =MIN('execs Table 7'!G21,'execs Table 7'!I21,'execs Table 7'!K21,'execs Table 7'!M21,'execs Table 7'!O21,'execs Table 7'!Q21,'execs Table 7'!S21,'execs Table 7'!U21,'execs Table 7'!W21,'execs Table 7'!Y21,'execs Table 7'!C21,'execs Table 7'!E21,'execs Table 7'!AA21,'execs Table 7'!AC21,'execs Table 7'!AE21,'execs Table 7'!AG21,'execs Table 7'!AI21,'execs Table 7'!AK21,'execs Table 7'!AM21,'execs Table 7'!AO21) -> 1015 | X31: =SUM('execs Table 7'!H21,'execs Table 7'!J21,'execs Table 7'!L21,'execs Table 7'!N21,'execs Table 7'!P21,'execs Table 7'!R21,'execs Table 7'!T21,'execs Table 7'!V21,'execs Table 7'!X21,'execs Table 7'!Z21,'execs Table 7'!D21,'execs Table 7'!F21,'execs Table 7'!AB21,'execs Table 7'!AD21,'execs Table 7'!AF21,'execs Table 7'!AH21,'execs Table 7'!AJ21,'execs Table 7'!AL21,'execs Table 7'!AN21,'execs Table 7'!AP21) -> 459.519 | Y31: =(W31-$AR31)/$AR31 -> 0 | Z31: =IF(W31=$AR31,1,0) -> 1 | AR31: =MIN(C31,G31,K31,O31,S31,W31,AA31,AE31,AI31,AM31) -> 1015
B32: bp_____0 | C32: 405 | D32: - | E32: =(C32-$AR32)/$AR32 -> 0.21987952 | F32: =IF(C32=$AR32,1,0) -> 0 | G32: 399 | H32: - | I32: =(G32-$AR32)/$AR32 -> 0.20180723 | J32: =IF(G32=$AR32,1,0) -> 0 | K32: 399 | L32: - | M32: =(K32-$AR32)/$AR32 -> 0.20180723 | N32: =IF(K32=$AR32,1,0) -> 0 | O32: ='execs Table 7'!C22 -> 333 | P32: ='execs Table 7'!D22 -> 16.716 | Q32: =(O32-$AR32)/$AR32 -> 0.0030120482 | R32: =IF(O32=$AR32,1,0) -> 0 | S32: =MIN('execs Table 7'!C22,'execs Table 7'!E22,'execs Table 7'!G22,'execs Table 7'!I22,'execs Table 7'!K22,'execs Table 7'!M22,'execs Table 7'!O22,'execs Table 7'!Q22,'execs Table 7'!S22,'execs Table 7'!U22) -> 332 | T32: =SUM('execs Table 7'!D22,'execs Table 7'!F22,'execs Table 7'!H22,'execs Table 7'!J22,'execs Table 7'!L22,'execs Table 7'!N22,'execs Table 7'!P22,'execs Table 7'!R22,'execs Table 7'!T22,'execs Table 7'!V22) -> 198.432 | U32: =(S32-$AR32)/$AR32 -> 0 | V32: =IF(S32=$AR32,1,0) -> 1 | W32: =MIN('execs Table 7'!G22,'execs Table 7'!I22,'execs Table 7'!K22,'execs Table 7'!M22,'execs Table 7'!O22,'execs Table 7'!Q22,'execs Table 7'!S22,'execs Table 7'!U22,'execs Table 7'!W22,'execs Table 7'!Y22,'execs Table 7'!C22,'execs Table 7'!E22,'execs Table 7'!AA22,'execs Table 7'!AC22,'execs Table 7'!AE22,'execs Table 7'!AG22,'execs Table 7'!AI22,'execs Table 7'!AK22,'execs Table 7'!AM22,'execs Table 7'!AO22) -> 332 | X32: =SUM('execs Table 7'!H22,'execs Table 7'!J22,'execs Table 7'!L22,'execs Table 7'!N22,'execs Table 7'!P22,'execs Table 7'!R22,'execs Table 7'!T22,'execs Table 7'!V22,'execs Table 7'!X22,'execs Table 7'!Z22,'execs Table 7'!D22,'execs Table 7'!F22,'execs Table 7'!AB22,'execs Table 7'!AD22,'execs Table 7'!AF22,'execs Table 7'!AH22,'execs Table 7'!AJ22,'execs Table 7'!AL22,'execs Table 7'!AN22,'execs Table 7'!AP22) -> 373.601 | Y32: =(W32-$AR32)/$AR32 -> 0 | Z32: =IF(W32=$AR32,1,0) -> 1 | AR32: =MIN(C32,G32,K32,O32,S32,W32,AA32,AE32,AI32,AM32) -> 332
B33: can_1054 | C33: 234 | D33: - | E33: =(C33-$AR33)/$AR33 -> 0.03539823 | F33: =IF(C33=$AR33,1,0) -> 0 | G33: 234 | H33: - | I33: =(G33-$AR33)/$AR33 -> 0.03539823 | J33: =IF(G33=$AR33,1,0) -> 0 | K33: 234 | L33: - | M33: =(K33-$AR33)/$AR33 -> 0.03539823 | N33: =IF(K33=$AR33,1,0) -> 0 | O33: ='execs Table 7'!C23 -> 228 | P33: ='execs Table 7'!D23 -> 5.1500001 | Q33: =(O33-$AR33)/$AR33 -> 0.0088495575 | R33: =IF(O33=$AR33,1,0) -> 0 | S33: =MIN('execs Table 7'!C23,'execs Table 7'!E23,'execs Table 7'!G23,'execs Table 7'!I23,'execs Table 7'!K23,'execs Table 7'!M23,'execs Table 7'!O23,'execs Table 7'!Q23,'execs Table 7'!S23,'execs Table 7'!U23) -> 226 | T33: =SUM('execs Table 7'!D23,'execs Table 7'!F23,'execs Table 7'!H23,'execs Table 7'!J23,'execs Table 7'!L23,'execs Table 7'!N23,'execs Table 7'!P23,'execs Table 7'!R23,'execs Table 7'!T23,'execs Table 7'!V23) -> 64.98 | U33: =(S33-$AR33)/$AR33 -> 0 | V33: =IF(S33=$AR33,1,0) -> 1 | W33: =MIN('execs Table 7'!G23,'execs Table 7'!I23,'execs Table 7'!K23,'execs Table 7'!M23,'execs Table 7'!O23,'execs Table 7'!Q23,'execs Table 7'!S23,'execs Table 7'!U23,'execs Table 7'!W23,'execs Table 7'!Y23,'execs Table 7'!C23,'execs Table 7'!E23,'execs Table 7'!AA23,'execs Table 7'!AC23,'execs Table 7'!AE23,'execs Table 7'!AG23,'execs Table 7'!AI23,'execs Table 7'!AK23,'execs Table 7'!AM23,'execs Table 7'!AO23) -> 226 | X33: =SUM('execs Table 7'!H23,'execs Table 7'!J23,'execs Table 7'!L23,'execs Table 7'!N23,'execs Table 7'!P23,'execs Table 7'!R23,'execs Table 7'!T23,'execs Table 7'!V23,'execs Table 7'!X23,'execs Table 7'!Z23,'execs Table 7'!D23,'execs Table 7'!F23,'execs Table 7'!AB23,'execs Table 7'!AD23,'execs Table 7'!AF23,'execs Table 7'!AH23,'execs Table 7'!AJ23,'execs Table 7'!AL23,'execs Table 7'!AN23,'execs Table 7'!AP23) -> 129.702 | Y33: =(W33-$AR33)/$AR33 -> 0 | Z33: =IF(W33=$AR33,1,0) -> 1 | AR33: =MIN(C33,G33,K33,O33,S33,W33,AA33,AE33,AI33,AM33) -> 226
B34: can_1072 | C34: 237 | D34: - | E34: =(C34-$AR34)/$AR34 -> 0.048672566 | F34: =IF(C34=$AR34,1,0) -> 0 | G34: 234 | H34: - | I34: =(G34-$AR34)/$AR34 -> 0.03539823 | J34: =IF(G34=$AR34,1,0) -> 0 | K34: 234 | L34: - | M34: =(K34-$AR34)/$AR34 -> 0.03539823 | N34: =IF(K34=$AR34,1,0) -> 0 | O34: ='execs Table 7'!C24 -> 227 | P34: ='execs Table 7'!D24 -> 5.2020001 | Q34: =(O34-$AR34)/$AR34 -> 0.0044247788 | R34: =IF(O34=$AR34,1,0) -> 0 | S34: =MIN('execs Table 7'!C24,'execs Table 7'!E24,'execs Table 7'!G24,'execs Table 7'!I24,'execs Table 7'!K24,'execs Table 7'!M24,'execs Table 7'!O24,'execs Table 7'!Q24,'execs Table 7'!S24,'execs Table 7'!U24) -> 226 | T34: =SUM('execs Table 7'!D24,'execs Table 7'!F24,'execs Table 7'!H24,'execs Table 7'!J24,'execs Table 7'!L24,'execs Table 7'!N24,'execs Table 7'!P24,'execs Table 7'!R24,'execs Table 7'!T24,'execs Table 7'!V24) -> 69.837 | U34: =(S34-$AR34)/$AR34 -> 0 | V34: =IF(S34=$AR34,1,0) -> 1 | W34: =MIN('execs Table 7'!G24,'execs Table 7'!I24,'execs Table 7'!K24,'execs Table 7'!M24,'execs Table 7'!O24,'execs Table 7'!Q24,'execs Table 7'!S24,'execs Table 7'!U24,'execs Table 7'!W24,'execs Table 7'!Y24,'execs Table 7'!C24,'execs Table 7'!E24,'execs Table 7'!AA24,'execs Table 7'!AC24,'execs Table 7'!AE24,'execs Table 7'!AG24,'execs Table 7'!AI24,'execs Table 7'!AK24,'execs Table 7'!AM24,'execs Table 7'!AO24) -> 226 | X34: =SUM('execs Table 7'!H24,'execs Table 7'!J24,'execs Table 7'!L24,'execs Table 7'!N24,'execs Table 7'!P24,'execs Table 7'!R24,'execs Table 7'!T24,'execs Table 7'!V24,'execs Table 7'!X24,'execs Table 7'!Z24,'execs Table 7'!D24,'execs Table 7'!F24,'execs Table 7'!AB24,'execs Table 7'!AD24,'execs Table 7'!AF24,'execs Table 7'!AH24,'execs Table 7'!AJ24,'execs Table 7'!AL24,'execs Table 7'!AN24,'execs Table 7'!AP24) -> 148.836 | Y34: =(W34-$AR34)/$AR34 -> 0 | Z34: =IF(W34=$AR34,1,0) -> 1 | AR34: =MIN(C34,G34,K34,O34,S34,W34,AA34,AE34,AI34,AM34) -> 226
B35: can__144 | C35: 36 | D35: - | E35: =(C35-$AR35)/$AR35 -> 0 | F35: =IF(C35=$AR35,1,0) -> 1 | G35: 36 | H35: - | I35: =(G35-$AR35)/$AR35 -> 0 | J35: =IF(G35=$AR35,1,0) -> 1 | K35: 36 | L35: - | M35: =(K35-$AR35)/$AR35 -> 0 | N35: =IF(K35=$AR35,1,0) -> 1 | O35: ='execs Table 7'!C25 -> 36 | P35: ='execs Table 7'!D25 -> 0.029999999 | Q35: =(O35-$AR35)/$AR35 -> 0 | R35: =IF(O35=$AR35,1,0) -> 1 | S35: =MIN('execs Table 7'!C25,'execs Table 7'!E25,'execs Table 7'!G25,'execs Table 7'!I25,'execs Table 7'!K25,'execs Table 7'!M25,'execs Table 7'!O25,'execs Table 7'!Q25,'execs Table 7'!S25,'execs Table 7'!U25) -> 36 | T35: =SUM('execs Table 7'!D25,'execs Table 7'!F25,'execs Table 7'!H25,'execs Table 7'!J25,'execs Table 7'!L25,'execs Table 7'!N25,'execs Table 7'!P25,'execs Table 7'!R25,'execs Table 7'!T25,'execs Table 7'!V25) -> 0.292 | U35: =(S35-$AR35)/$AR35 -> 0 | V35: =IF(S35=$AR35,1,0) -> 1 | W35: =MIN('execs Table 7'!G25,'execs Table 7'!I25,'execs Table 7'!K25,'execs Table 7'!M25,'execs Table 7'!O25,'execs Table 7'!Q25,'execs Table 7'!S25,'execs Table 7'!U25,'execs Table 7'!W25,'execs Table 7'!Y25,'execs Table 7'!C25,'execs Table 7'!E25,'execs Table 7'!AA25,'execs Table 7'!AC25,'execs Table 7'!AE25,'execs Table 7'!AG25,'execs Table 7'!AI25,'execs Table 7'!AK25,'execs Table 7'!AM25,'execs Table 7'!AO25) -> 36 | X35: =SUM('execs Table 7'!H25,'execs Table 7'!J25,'execs Table 7'!L25,'execs Table 7'!N25,'execs Table 7'!P25,'execs Table 7'!R25,'execs Table 7'!T25,'execs Table 7'!V25,'execs Table 7'!X25,'execs Table 7'!Z25,'execs Table 7'!D25,'execs Table 7'!F25,'execs Table 7'!AB25,'execs Table 7'!AD25,'execs Table 7'!AF25,'execs Table 7'!AH25,'execs Table 7'!AJ25,'execs Table 7'!AL25,'execs Table 7'!AN25,'execs Table 7'!AP25) -> 0.592 | Y35: =(W35-$AR35)/$AR35 -> 0 | Z35: =IF(W35=$AR35,1,0) -> 1 | AR35: =MIN(C35,G35,K35,O35,S35,W35,AA35,AE35,AI35,AM35) -> 36
B36: can__161 | C36: 57 | D36: - | E36: =(C36-$AR36)/$AR36 -> 0 | F36: =IF(C36=$AR36,1,0) -> 1 | G36: 57 | H36: - | I36: =(G36-$AR36)/$AR36 -> 0 | J36: =IF(G36=$AR36,1,0) -> 1 | K36: 57 | L36: - | M36: =(K36-$AR36)/$AR36 -> 0 | N36: =IF(K36=$AR36,1,0) -> 1 | O36: ='execs Table 7'!C26 -> 57 | P36: ='execs Table 7'!D26 -> 0.086999997 | Q36: =(O36-$AR36)/$AR36 -> 0 | R36: =IF(O36=$AR36,1,0) -> 1 | S36: =MIN('execs Table 7'!C26,'execs Table 7'!E26,'execs Table 7'!G26,'execs Table 7'!I26,'execs Table 7'!K26,'execs Table 7'!M26,'execs Table 7'!O26,'execs Table 7'!Q26,'execs Table 7'!S26,'execs Table 7'!U26) -> 57 | T36: =SUM('execs Table 7'!D26,'execs Table 7'!F26,'execs Table 7'!H26,'execs Table 7'!J26,'execs Table 7'!L26,'execs Table 7'!N26,'execs Table 7'!P26,'execs Table 7'!R26,'execs Table 7'!T26,'execs Table 7'!V26) -> 0.87099998 | U36: =(S36-$AR36)/$AR36 -> 0 | V36: =IF(S36=$AR36,1,0) -> 1 | W36: =MIN('execs Table 7'!G26,'execs Table 7'!I26,'execs Table 7'!K26,'execs Table 7'!M26,'execs Table 7'!O26,'execs Table 7'!Q26,'execs Table 7'!S26,'execs Table 7'!U26,'execs Table 7'!W26,'execs Table 7'!Y26,'execs Table 7'!C26,'execs Table 7'!E26,'execs Table 7'!AA26,'execs Table 7'!AC26,'execs Table 7'!AE26,'execs Table 7'!AG26,'execs Table 7'!AI26,'execs Table 7'!AK26,'execs Table 7'!AM26,'execs Table 7'!AO26) -> 57 | X36: =SUM('execs Table 7'!H26,'execs Table 7'!J26,'execs Table 7'!L26,'execs Table 7'!N26,'execs Table 7'!P26,'execs Table 7'!R26,'execs Table 7'!T26,'execs Table 7'!V26,'execs Table 7'!X26,'execs Table 7'!Z26,'execs Table 7'!D26,'execs Table 7'!F26,'execs Table 7'!AB26,'execs Table 7'!AD26,'execs Table 7'!AF26,'execs Table 7'!AH26,'execs Table 7'!AJ26,'execs Table 7'!AL26,'execs Table 7'!AN26,'execs Table 7'!AP26) -> 1.714 | Y36: =(W36-$AR36)/$AR36 -> 0 | Z36: =IF(W36=$AR36,1,0) -> 1 | AR36: =MIN(C36,G36,K36,O36,S36,W36,AA36,AE36,AI36,AM36) -> 57
B37: can__187 | C37: 66 | D37: - | E37: =(C37-$AR37)/$AR37 -> 0 | F37: =IF(C37=$AR37,1,0) -> 1 | G37: 69 | H37: - | I37: =(G37-$AR37)/$AR37 -> 0.045454545 | J37: =IF(G37=$AR37,1,0) -> 0 | K37: 66 | L37: - | M37: =(K37-$AR37)/$AR37 -> 0 | N37: =IF(K37=$AR37,1,0) -> 1 | O37: ='execs Table 7'!C27 -> 66 | P37: ='execs Table 7'!D27 -> 0.102 | Q37: =(O37-$AR37)/$AR37 -> 0 | R37: =IF(O37=$AR37,1,0) -> 1 | S37: =MIN('execs Table 7'!C27,'execs Table 7'!E27,'execs Table 7'!G27,'execs Table 7'!I27,'execs Table 7'!K27,'execs Table 7'!M27,'execs Table 7'!O27,'execs Table 7'!Q27,'execs Table 7'!S27,'execs Table 7'!U27) -> 66 | T37: =SUM('execs Table 7'!D27,'execs Table 7'!F27,'execs Table 7'!H27,'execs Table 7'!J27,'execs Table 7'!L27,'execs Table 7'!N27,'execs Table 7'!P27,'execs Table 7'!R27,'execs Table 7'!T27,'execs Table 7'!V27) -> 0.946 | U37: =(S37-$AR37)/$AR37 -> 0 | V37: =IF(S37=$AR37,1,0) -> 1 | W37: =MIN('execs Table 7'!G27,'execs Table 7'!I27,'execs Table 7'!K27,'execs Table 7'!M27,'execs Table 7'!O27,'execs Table 7'!Q27,'execs Table 7'!S27,'execs Table 7'!U27,'execs Table 7'!W27,'execs Table 7'!Y27,'execs Table 7'!C27,'execs Table 7'!E27,'execs Table 7'!AA27,'execs Table 7'!AC27,'execs Table 7'!AE27,'execs Table 7'!AG27,'execs Table 7'!AI27,'execs Table 7'!AK27,'execs Table 7'!AM27,'execs Table 7'!AO27) -> 66 | X37: =SUM('execs Table 7'!H27,'execs Table 7'!J27,'execs Table 7'!L27,'execs Table 7'!N27,'execs Table 7'!P27,'execs Table 7'!R27,'execs Table 7'!T27,'execs Table 7'!V27,'execs Table 7'!X27,'execs Table 7'!Z27,'execs Table 7'!D27,'execs Table 7'!F27,'execs Table 7'!AB27,'execs Table 7'!AD27,'execs Table 7'!AF27,'execs Table 7'!AH27,'execs Table 7'!AJ27,'execs Table 7'!AL27,'execs Table 7'!AN27,'execs Table 7'!AP27) -> 1.869 | Y37: =(W37-$AR37)/$AR37 -> 0 | Z37: =IF(W37=$AR37,1,0) -> 1 | AR37: =MIN(C37,G37,K37,O37,S37,W37,AA37,AE37,AI37,AM37) -> 66
B38: can___24 | C38: 12 | D38: - | E38: =(C38-$AR38)/$AR38 -> 0 | F38: =IF(C38=$AR38,1,0) -> 1 | G38: 12 | H38: - | I38: =(G38-$AR38)/$AR38 -> 0 | J38: =IF(G38=$AR38,1,0) -> 1 | K38: 12 | L38: - | M38: =(K38-$AR38)/$AR38 -> 0 | N38: =IF(K38=$AR38,1,0) -> 1 | O38: ='execs Table 7'!C28 -> 12 | P38: ='execs Table 7'!D28 -> 0.003 | Q38: =(O38-$AR38)/$AR38 -> 0 | R38: =IF(O38=$AR38,1,0) -> 1 | S38: =MIN('execs Table 7'!C28,'execs Table 7'!E28,'execs Table 7'!G28,'execs Table 7'!I28,'execs Table 7'!K28,'execs Table 7'!M28,'execs Table 7'!O28,'execs Table 7'!Q28,'execs Table 7'!S28,'execs Table 7'!U28) -> 12 | T38: =SUM('execs Table 7'!D28,'execs Table 7'!F28,'execs Table 7'!H28,'execs Table 7'!J28,'execs Table 7'!L28,'execs Table 7'!N28,'execs Table 7'!P28,'execs Table 7'!R28,'execs Table 7'!T28,'execs Table 7'!V28) -> 0.037000001 | U38: =(S38-$AR38)/$AR38 -> 0 | V38: =IF(S38=$AR38,1,0) -> 1 | W38: =MIN('execs Table 7'!G28,'execs Table 7'!I28,'execs Table 7'!K28,'execs Table 7'!M28,'execs Table 7'!O28,'execs Table 7'!Q28,'execs Table 7'!S28,'execs Table 7'!U28,'execs Table 7'!W28,'execs Table 7'!Y28,'execs Table 7'!C28,'execs Table 7'!E28,'execs Table 7'!AA28,'execs Table 7'!AC28,'execs Table 7'!AE28,'execs Table 7'!AG28,'execs Table 7'!AI28,'execs Table 7'!AK28,'execs Table 7'!AM28,'execs Table 7'!AO28) -> 12 | X38: =SUM('execs Table 7'!H28,'execs Table 7'!J28,'execs Table 7'!L28,'execs Table 7'!N28,'execs Table 7'!P28,'execs Table 7'!R28,'execs Table 7'!T28,'execs Table 7'!V28,'execs Table 7'!X28,'execs Table 7'!Z28,'execs Table 7'!D28,'execs Table 7'!F28,'execs Table 7'!AB28,'execs Table 7'!AD28,'execs Table 7'!AF28,'execs Table 7'!AH28,'execs Table 7'!AJ28,'execs Table 7'!AL28,'execs Table 7'!AN28,'execs Table 7'!AP28) -> 0.076000003 | Y38: =(W38-$AR38)/$AR38 -> 0 | Z38: =IF(W38=$AR38,1,0) -> 1 | AR38: =MIN(C38,G38,K38,O38,S38,W38,AA38,AE38,AI38,AM38) -> 12
B39: can___61 | C39: 18 | D39: - | E39: =(C39-$AR39)/$AR39 -> 0 | F39: =IF(C39=$AR39,1,0) -> 1 | G39: 18 | H39: - | I39: =(G39-$AR39)/$AR39 -> 0 | J39: =IF(G39=$AR39,1,0) -> 1 | K39: 18 | L39: - | M39: =(K39-$AR39)/$AR39 -> 0 | N39: =IF(K39=$AR39,1,0) -> 1 | O39: ='execs Table 7'!C29 -> 18 | P39: ='execs Table 7'!D29 -> 0.013 | Q39: =(O39-$AR39)/$AR39 -> 0 | R39: =IF(O39=$AR39,1,0) -> 1 | S39: =MIN('execs Table 7'!C29,'execs Table 7'!E29,'execs Table 7'!G29,'execs Table 7'!I29,'execs Table 7'!K29,'execs Table 7'!M29,'execs Table 7'!O29,'execs Table 7'!Q29,'execs Table 7'!S29,'execs Table 7'!U29) -> 18 | T39: =SUM('execs Table 7'!D29,'execs Table 7'!F29,'execs Table 7'!H29,'execs Table 7'!J29,'execs Table 7'!L29,'execs Table 7'!N29,'execs Table 7'!P29,'execs Table 7'!R29,'execs Table 7'!T29,'execs Table 7'!V29) -> 0.129 | U39: =(S39-$AR39)/$AR39 -> 0 | V39: =IF(S39=$AR39,1,0) -> 1 | W39: =MIN('execs Table 7'!G29,'execs Table 7'!I29,'execs Table 7'!K29,'execs Table 7'!M29,'execs Table 7'!O29,'execs Table 7'!Q29,'execs Table 7'!S29,'execs Table 7'!U29,'execs Table 7'!W29,'execs Table 7'!Y29,'execs Table 7'!C29,'execs Table 7'!E29,'execs Table 7'!AA29,'execs Table 7'!AC29,'execs Table 7'!AE29,'execs Table 7'!AG29,'execs Table 7'!AI29,'execs Table 7'!AK29,'execs Table 7'!AM29,'execs Table 7'!AO29) -> 18 | X39: =SUM('execs Table 7'!H29,'execs Table 7'!J29,'execs Table 7'!L29,'execs Table 7'!N29,'execs Table 7'!P29,'execs Table 7'!R29,'execs Table 7'!T29,'execs Table 7'!V29,'execs Table 7'!X29,'execs Table 7'!Z29,'execs Table 7'!D29,'execs Table 7'!F29,'execs Table 7'!AB29,'execs Table 7'!AD29,'execs Table 7'!AF29,'execs Table 7'!AH29,'execs Table 7'!AJ29,'execs Table 7'!AL29,'execs Table 7'!AN29,'execs Table 7'!AP29) -> 0.26100001 | Y39: =(W39-$AR39)/$AR39 -> 0 | Z39: =IF(W39=$AR39,1,0) -> 1 | AR39: =MIN(C39,G39,K39,O39,S39,W39,AA39,AE39,AI39,AM39) -> 18
B40: can___73 | C40: 46 | D40: - | E40: =(C40-$AR40)/$AR40 -> 0.022222222 | F40: =IF(C40=$AR40,1,0) -> 0 | G40: 45 | H40: - | I40: =(G40-$AR40)/$AR40 -> 0 | J40: =IF(G40=$AR40,1,0) -> 1 | K40: 45 | L40: - | M40: =(K40-$AR40)/$AR40 -> 0 | N40: =IF(K40=$AR40,1,0) -> 1 | O40: ='execs Table 7'!C30 -> 46 | P40: ='execs Table 7'!D30 -> 0.0080000004 | Q40: =(O40-$AR40)/$AR40 -> 0.022222222 | R40: =IF(O40=$AR40,1,0) -> 0 | S40: =MIN('execs Table 7'!C30,'execs Table 7'!E30,'execs Table 7'!G30,'execs Table 7'!I30,'execs Table 7'!K30,'execs Table 7'!M30,'execs Table 7'!O30,'execs Table 7'!Q30,'execs Table 7'!S30,'execs Table 7'!U30) -> 45 | T40: =SUM('execs Table 7'!D30,'execs Table 7'!F30,'execs Table 7'!H30,'execs Table 7'!J30,'execs Table 7'!L30,'execs Table 7'!N30,'execs Table 7'!P30,'execs Table 7'!R30,'execs Table 7'!T30,'execs Table 7'!V30) -> 0.105 | U40: =(S40-$AR40)/$AR40 -> 0 | V40: =IF(S40=$AR40,1,0) -> 1 | W40: =MIN('execs Table 7'!G30,'execs Table 7'!I30,'execs Table 7'!K30,'execs Table 7'!M30,'execs Table 7'!O30,'execs Table 7'!Q30,'execs Table 7'!S30,'execs Table 7'!U30,'execs Table 7'!W30,'execs Table 7'!Y30,'execs Table 7'!C30,'execs Table 7'!E30,'execs Table 7'!AA30,'execs Table 7'!AC30,'execs Table 7'!AE30,'execs Table 7'!AG30,'execs Table 7'!AI30,'execs Table 7'!AK30,'execs Table 7'!AM30,'execs Table 7'!AO30) -> 45 | X40: =SUM('execs Table 7'!H30,'execs Table 7'!J30,'execs Table 7'!L30,'execs Table 7'!N30,'execs Table 7'!P30,'execs Table 7'!R30,'execs Table 7'!T30,'execs Table 7'!V30,'execs Table 7'!X30,'execs Table 7'!Z30,'execs Table 7'!D30,'execs Table 7'!F30,'execs Table 7'!AB30,'execs Table 7'!AD30,'execs Table 7'!AF30,'execs Table 7'!AH30,'execs Table 7'!AJ30,'execs Table 7'!AL30,'execs Table 7'!AN30,'execs Table 7'!AP30) -> 0.211 | Y40: =(W40-$AR40)/$AR40 -> 0 | Z40: =IF(W40=$AR40,1,0) -> 1 | AR40: =MIN(C40,G40,K40,O40,S40,W40,AA40,AE40,AI40,AM40) -> 45
B41: cavity01 | C41: 27 | D41: - | E41: =(C41-$AR41)/$AR41 -> 0.038461538 | F41: =IF(C41=$AR41,1,0) -> 0 | G41: 27 | H41: - | I41: =(G41-$AR41)/$AR41 -> 0.038461538 | J41: =IF(G41=$AR41,1,0) -> 0 | K41: 27 | L41: - | M41: =(K41-$AR41)/$AR41 -> 0.038461538 | N41: =IF(K41=$AR41,1,0) -> 0 | O41: ='execs Table 7'!C31 -> 26 | P41: ='execs Table 7'!D31 -> 6.5780001 | Q41: =(O41-$AR41)/$AR41 -> 0 | R41: =IF(O41=$AR41,1,0) -> 1 | S41: =MIN('execs Table 7'!C31,'execs Table 7'!E31,'execs Table 7'!G31,'execs Table 7'!I31,'execs Table 7'!K31,'execs Table 7'!M31,'execs Table 7'!O31,'execs Table 7'!Q31,'execs Table 7'!S31,'execs Table 7'!U31) -> 26 | T41: =SUM('execs Table 7'!D31,'execs Table 7'!F31,'execs Table 7'!H31,'execs Table 7'!J31,'execs Table 7'!L31,'execs Table 7'!N31,'execs Table 7'!P31,'execs Table 7'!R31,'execs Table 7'!T31,'execs Table 7'!V31) -> 61.052001 | U41: =(S41-$AR41)/$AR41 -> 0 | V41: =IF(S41=$AR41,1,0) -> 1 | W41: =MIN('execs Table 7'!G31,'execs Table 7'!I31,'execs Table 7'!K31,'execs Table 7'!M31,'execs Table 7'!O31,'execs Table 7'!Q31,'execs Table 7'!S31,'execs Table 7'!U31,'execs Table 7'!W31,'execs Table 7'!Y31,'execs Table 7'!C31,'execs Table 7'!E31,'execs Table 7'!AA31,'execs Table 7'!AC31,'execs Table 7'!AE31,'execs Table 7'!AG31,'execs Table 7'!AI31,'execs Table 7'!AK31,'execs Table 7'!AM31,'execs Table 7'!AO31) -> 26 | X41: =SUM('execs Table 7'!H31,'execs Table 7'!J31,'execs Table 7'!L31,'execs Table 7'!N31,'execs Table 7'!P31,'execs Table 7'!R31,'execs Table 7'!T31,'execs Table 7'!V31,'execs Table 7'!X31,'execs Table 7'!Z31,'execs Table 7'!D31,'execs Table 7'!F31,'execs Table 7'!AB31,'execs Table 7'!AD31,'execs Table 7'!AF31,'execs Table 7'!AH31,'execs Table 7'!AJ31,'execs Table 7'!AL31,'execs Table 7'!AN31,'execs Table 7'!AP31) -> 117.969 | Y41: =(W41-$AR41)/$AR41 -> 0 | Z41: =IF(W41=$AR41,1,0) -> 1 | AR41: =MIN(C41,G41,K41,O41,S41,W41,AA41,AE41,AI41,AM41) -> 26
B42: cavity02 | C42: 27 | D42: - | E42: =(C42-$AR42)/$AR42 -> 0.038461538 | F42: =IF(C42=$AR42,1,0) -> 0 | G42: 27 | H42: - | I42: =(G42-$AR42)/$AR42 -> 0.038461538 | J42: =IF(G42=$AR42,1,0) -> 0 | K42: 27 | L42: - | M42: =(K42-$AR42)/$AR42 -> 0.038461538 | N42: =IF(K42=$AR42,1,0) -> 0 | O42: ='execs Table 7'!C32 -> 26 | P42: ='execs Table 7'!D32 -> 7.3309999 | Q42: =(O42-$AR42)/$AR42 -> 0 | R42: =IF(O42=$AR42,1,0) -> 1 | S42: =MIN('execs Table 7'!C32,'execs Table 7'!E32,'execs Table 7'!G32,'execs Table 7'!I32,'execs Table 7'!K32,'execs Table 7'!M32,'execs Table 7'!O32,'execs Table 7'!Q32,'execs Table 7'!S32,'execs Table 7'!U32) -> 26 | T42: =SUM('execs Table 7'!D32,'execs Table 7'!F32,'execs Table 7'!H32,'execs Table 7'!J32,'execs Table 7'!L32,'execs Table 7'!N32,'execs Table 7'!P32,'execs Table 7'!R32,'execs Table 7'!T32,'execs Table 7'!V32) -> 70.805 | U42: =(S42-$AR42)/$AR42 -> 0 | V42: =IF(S42=$AR42,1,0) -> 1 | W42: =MIN('execs Table 7'!G32,'execs Table 7'!I32,'execs Table 7'!K32,'execs Table 7'!M32,'execs Table 7'!O32,'execs Table 7'!Q32,'execs Table 7'!S32,'execs Table 7'!U32,'execs Table 7'!W32,'execs Table 7'!Y32,'execs Table 7'!C32,'execs Table 7'!E32,'execs Table 7'!AA32,'execs Table 7'!AC32,'execs Table 7'!AE32,'execs Table 7'!AG32,'execs Table 7'!AI32,'execs Table 7'!AK32,'execs Table 7'!AM32,'execs Table 7'!AO32) -> 26 | X42: =SUM('execs Table 7'!H32,'execs Table 7'!J32,'execs Table 7'!L32,'execs Table 7'!N32,'execs Table 7'!P32,'execs Table 7'!R32,'execs Table 7'!T32,'execs Table 7'!V32,'execs Table 7'!X32,'execs Table 7'!Z32,'execs Table 7'!D32,'execs Table 7'!F32,'execs Table 7'!AB32,'execs Table 7'!AD32,'execs Table 7'!AF32,'execs Table 7'!AH32,'execs Table 7'!AJ32,'execs Table 7'!AL32,'execs Table 7'!AN32,'execs Table 7'!AP32) -> 134.792 | Y42: =(W42-$AR42)/$AR42 -> 0 | Z42: =IF(W42=$AR42,1,0) -> 1 | AR42: =MIN(C42,G42,K42,O42,S42,W42,AA42,AE42,AI42,AM42) -> 26
B43: cavity03 | C43: 27 | D43: - | E43: =(C43-$AR43)/$AR43 -> 0.038461538 | F43: =IF(C43=$AR43,1,0) -> 0 | G43: 27 | H43: - | I43: =(G43-$AR43)/$AR43 -> 0.038461538 | J43: =IF(G43=$AR43,1,0) -> 0 | K43: 27 | L43: - | M43: =(K43-$AR43)/$AR43 -> 0.038461538 | N43: =IF(K43=$AR43,1,0) -> 0 | O43: ='execs Table 7'!C33 -> 26 | P43: ='execs Table 7'!D33 -> 6.5180001 | Q43: =(O43-$AR43)/$AR43 -> 0 | R43: =IF(O43=$AR43,1,0) -> 1 | S43: =MIN('execs Table 7'!C33,'execs Table 7'!E33,'execs Table 7'!G33,'execs Table 7'!I33,'execs Table 7'!K33,'execs Table 7'!M33,'execs Table 7'!O33,'execs Table 7'!Q33,'execs Table 7'!S33,'execs Table 7'!U33) -> 26 | T43: =SUM('execs Table 7'!D33,'execs Table 7'!F33,'execs Table 7'!H33,'execs Table 7'!J33,'execs Table 7'!L33,'execs Table 7'!N33,'execs Table 7'!P33,'execs Table 7'!R33,'execs Table 7'!T33,'execs Table 7'!V33) -> 65.974 | U43: =(S43-$AR43)/$AR43 -> 0 | V43: =IF(S43=$AR43,1,0) -> 1 | W43: =MIN('execs Table 7'!G33,'execs Table 7'!I33,'execs Table 7'!K33,'execs Table 7'!M33,'execs Table 7'!O33,'execs Table 7'!Q33,'execs Table 7'!S33,'execs Table 7'!U33,'execs Table 7'!W33,'execs Table 7'!Y33,'execs Table 7'!C33,'execs Table 7'!E33,'execs Table 7'!AA33,'execs Table 7'!AC33,'execs Table 7'!AE33,'execs Table 7'!AG33,'execs Table 7'!AI33,'execs Table 7'!AK33,'execs Table 7'!AM33,'execs Table 7'!AO33) -> 26 | X43: =SUM('execs Table 7'!H33,'execs Table 7'!J33,'execs Table 7'!L33,'execs Table 7'!N33,'execs Table 7'!P33,'execs Table 7'!R33,'execs Table 7'!T33,'execs Table 7'!V33,'execs Table 7'!X33,'execs Table 7'!Z33,'execs Table 7'!D33,'execs Table 7'!F33,'execs Table 7'!AB33,'execs Table 7'!AD33,'execs Table 7'!AF33,'execs Table 7'!AH33,'execs Table 7'!AJ33,'execs Table 7'!AL33,'execs Table 7'!AN33,'execs Table 7'!AP33) -> 122.896 | Y43: =(W43-$AR43)/$AR43 -> 0 | Z43: =IF(W43=$AR43,1,0) -> 1 | AR43: =MIN(C43,G43,K43,O43,S43,W43,AA43,AE43,AI43,AM43) -> 26
... B72: dwt_918 | C72: 350 | D72: - | E72: =(C72-$AR72)/$AR72 -> 0.067073171 | F72: =IF(C72=$AR72,1,0) -> 0 | G72: 341 | H72: - | I72: =(G72-$AR72)/$AR72 -> 0.039634146 | J72: =IF(G72=$AR72,1,0) -> 0 | K72: 340 | L72: - | M72: =(K72-$AR72)/$AR72 -> 0.036585366 | N72: =IF(K72=$AR72,1,0) -> 0 | O72: ='execs Table 7'!C62 -> 331 | P72: ='execs Table 7'!D62 -> 9.9759998 | Q72: =(O72-$AR72)/$AR72 -> 0.0091463415 | R72: =IF(O72=$AR72,1,0) -> 0 | S72: =MIN('execs Table 7'!C62,'execs Table 7'!E62,'execs Table 7'!G62,'execs Table 7'!I62,'execs Table 7'!K62,'execs Table 7'!M62,'execs Table 7'!O62,'execs Table 7'!Q62,'execs Table 7'!S62,'execs Table 7'!U62) -> 328 | T72: =SUM('execs Table 7'!D62,'execs Table 7'!F62,'execs Table 7'!H62,'execs Table 7'!J62,'execs Table 7'!L62,'execs Table 7'!N62,'execs Table 7'!P62,'execs Table 7'!R62,'execs Table 7'!T62,'execs Table 7'!V62) -> 73.717 | U72: =(S72-$AR72)/$AR72 -> 0 | V72: =IF(S72=$AR72,1,0) -> 1 | W72: =MIN('execs Table 7'!G62,'execs Table 7'!I62,'execs Table 7'!K62,'execs Table 7'!M62,'execs Table 7'!O62,'execs Table 7'!Q62,'execs Table 7'!S62,'execs Table 7'!U62,'execs Table 7'!W62,'execs Table 7'!Y62,'execs Table 7'!C62,'execs Table 7'!E62,'execs Table 7'!AA62,'execs Table 7'!AC62,'execs Table 7'!AE62,'execs Table 7'!AG62,'execs Table 7'!AI62,'execs Table 7'!AK62,'execs Table 7'!AM62,'execs Table 7'!AO62) -> 328 | X72: =SUM('execs Table 7'!H62,'execs Table 7'!J62,'execs Table 7'!L62,'execs Table 7'!N62,'execs Table 7'!P62,'execs Table 7'!R62,'execs Table 7'!T62,'execs Table 7'!V62,'execs Table 7'!X62,'execs Table 7'!Z62,'execs Table 7'!D62,'execs Table 7'!F62,'execs Table 7'!AB62,'execs Table 7'!AD62,'execs Table 7'!AF62,'execs Table 7'!AH62,'execs Table 7'!AJ62,'execs Table 7'!AL62,'execs Table 7'!AN62,'execs Table 7'!AP62) -> 143 | Y72: =(W72-$AR72)/$AR72 -> 0 | Z72: =IF(W72=$AR72,1,0) -> 1 | AR72: =MIN(C72,G72,K72,O72,S72,W72,AA72,AE72,AI72,AM72) -> 328
B73: dwt_992 | C73: 210 | D73: - | E73: =(C73-$AR73)/$AR73 -> 0.060606061 | F73: =IF(C73=$AR73,1,0) -> 0 | G73: 204 | H73: - | I73: =(G73-$AR73)/$AR73 -> 0.03030303 | J73: =IF(G73=$AR73,1,0) -> 0 | K73: - | L73: - | M73: =(K73-$AR73)/$AR73 -> #VALUE! | N73: =IF(K73=$AR73,1,0) -> 0 | O73: ='execs Table 7'!C63 -> 198 | P73: ='execs Table 7'!D63 -> 6.0170002 | Q73: =(O73-$AR73)/$AR73 -> 0 | R73: =IF(O73=$AR73,1,0) -> 1 | S73: =MIN('execs Table 7'!C63,'execs Table 7'!E63,'execs Table 7'!G63,'execs Table 7'!I63,'execs Table 7'!K63,'execs Table 7'!M63,'execs Table 7'!O63,'execs Table 7'!Q63,'execs Table 7'!S63,'execs Table 7'!U63) -> 198 | T73: =SUM('execs Table 7'!D63,'execs Table 7'!F63,'execs Table 7'!H63,'execs Table 7'!J63,'execs Table 7'!L63,'execs Table 7'!N63,'execs Table 7'!P63,'execs Table 7'!R63,'execs Table 7'!T63,'execs Table 7'!V63) -> 49.973001 | U73: =(S73-$AR73)/$AR73 -> 0 | V73: =IF(S73=$AR73,1,0) -> 1 | W73: =MIN('execs Table 7'!G63,'execs Table 7'!I63,'execs Table 7'!K63,'execs Table 7'!M63,'execs Table 7'!O63,'execs Table 7'!Q63,'execs Table 7'!S63,'execs Table 7'!U63,'execs Table 7'!W63,'execs Table 7'!Y63,'execs Table 7'!C63,'execs Table 7'!E63,'execs Table 7'!AA63,'execs Table 7'!AC63,'execs Table 7'!AE63,'execs Table 7'!AG63,'execs Table 7'!AI63,'execs Table 7'!AK63,'execs Table 7'!AM63,'execs Table 7'!AO63) -> 198 | X73: =SUM('execs Table 7'!H63,'execs Table 7'!J63,'execs Table 7'!L63,'execs Table 7'!N63,'execs Table 7'!P63,'execs Table 7'!R63,'execs Table 7'!T63,'execs Table 7'!V63,'execs Table 7'!X63,'execs Table 7'!Z63,'execs Table 7'!D63,'execs Table 7'!F63,'execs Table 7'!AB63,'execs Table 7'!AD63,'execs Table 7'!AF63,'execs Table 7'!AH63,'execs Table 7'!AJ63,'execs Table 7'!AL63,'execs Table 7'!AN63,'execs Table 7'!AP63) -> 93.035 | Y73: =(W73-$AR73)/$AR73 -> 0 | Z73: =IF(W73=$AR73,1,0) -> 1 | AR73: =MIN(C73,G73,K73,O73,S73,W73,AA73,AE73,AI73,AM73) -> 198
B74: e05r0000 | C74: 27 | D74: - | E74: =(C74-$AR74)/$AR74 -> 0.5 | F74: =IF(C74=$AR74,1,0) -> 0 | G74: 27 | H74: - | I74: =(G74-$AR74)/$AR74 -> 0.5 | J74: =IF(G74=$AR74,1,0) -> 0 | K74: 27 | L74: - | M74: =(K74-$AR74)/$AR74 -> 0.5 | N74: =IF(K74=$AR74,1,0) -> 0 | O74: ='execs Table 7'!C64 -> 18 | P74: ='execs Table 7'!D64 -> 11.564 | Q74: =(O74-$AR74)/$AR74 -> 0 | R74: =IF(O74=$AR74,1,0) -> 1 | S74: =MIN('execs Table 7'!C64,'execs Table 7'!E64,'execs Table 7'!G64,'execs Table 7'!I64,'execs Table 7'!K64,'execs Table 7'!M64,'execs Table 7'!O64,'execs Table 7'!Q64,'execs Table 7'!S64,'execs Table 7'!U64) -> 18 | T74: =SUM('execs Table 7'!D64,'execs Table 7'!F64,'execs Table 7'!H64,'execs Table 7'!J64,'execs Table 7'!L64,'execs Table 7'!N64,'execs Table 7'!P64,'execs Table 7'!R64,'execs Table 7'!T64,'execs Table 7'!V64) -> 114.496 | U74: =(S74-$AR74)/$AR74 -> 0 | V74: =IF(S74=$AR74,1,0) -> 1 | W74: =MIN('execs Table 7'!G64,'execs Table 7'!I64,'execs Table 7'!K64,'execs Table 7'!M64,'execs Table 7'!O64,'execs Table 7'!Q64,'execs Table 7'!S64,'execs Table 7'!U64,'execs Table 7'!W64,'execs Table 7'!Y64,'execs Table 7'!C64,'execs Table 7'!E64,'execs Table 7'!AA64,'execs Table 7'!AC64,'execs Table 7'!AE64,'execs Table 7'!AG64,'execs Table 7'!AI64,'execs Table 7'!AK64,'execs Table 7'!AM64,'execs Table 7'!AO64) -> 18 | X74: =SUM('execs Table 7'!H64,'execs Table 7'!J64,'execs Table 7'!L64,'execs Table 7'!N64,'execs Table 7'!P64,'execs Table 7'!R64,'execs Table 7'!T64,'execs Table 7'!V64,'execs Table 7'!X64,'execs Table 7'!Z64,'execs Table 7'!D64,'execs Table 7'!F64,'execs Table 7'!AB64,'execs Table 7'!AD64,'execs Table 7'!AF64,'execs Table 7'!AH64,'execs Table 7'!AJ64,'execs Table 7'!AL64,'execs Table 7'!AN64,'execs Table 7'!AP64) -> 219.456 | Y74: =(W74-$AR74)/$AR74 -> 0 | Z74: =IF(W74=$AR74,1,0) -> 1 | AR74: =MIN(C74,G74,K74,O74,S74,W74,AA74,AE74,AI74,AM74) -> 18
B75: e05r0100 | C75: 27 | D75: - | E75: =(C75-$AR75)/$AR75 -> 0.5 | F75: =IF(C75=$AR75,1,0) -> 0 | G75: 27 | H75: - | I75: =(G75-$AR75)/$AR75 -> 0.5 | J75: =IF(G75=$AR75,1,0) -> 0 | K75: 27 | L75: - | M75: =(K75-$AR75)/$AR75 -> 0.5 | N75: =IF(K75=$AR75,1,0) -> 0 | O75: ='execs Table 7'!C65 -> 18 | P75: ='execs Table 7'!D65 -> 11.578 | Q75: =(O75-$AR75)/$AR75 -> 0 | R75: =IF(O75=$AR75,1,0) -> 1 | S75: =MIN('execs Table 7'!C65,'execs Table 7'!E65,'execs Table 7'!G65,'execs Table 7'!I65,'execs Table 7'!K65,'execs Table 7'!M65,'execs Table 7'!O65,'execs Table 7'!Q65,'execs Table 7'!S65,'execs Table 7'!U65) -> 18 | T75: =SUM('execs Table 7'!D65,'execs Table 7'!F65,'execs Table 7'!H65,'execs Table 7'!J65,'execs Table 7'!L65,'execs Table 7'!N65,'execs Table 7'!P65,'execs Table 7'!R65,'execs Table 7'!T65,'execs Table 7'!V65) -> 114.846 | U75: =(S75-$AR75)/$AR75 -> 0 | V75: =IF(S75=$AR75,1,0) -> 1 | W75: =MIN('execs Table 7'!G65,'execs Table 7'!I65,'execs Table 7'!K65,'execs Table 7'!M65,'execs Table 7'!O65,'execs Table 7'!Q65,'execs Table 7'!S65,'execs Table 7'!U65,'execs Table 7'!W65,'execs Table 7'!Y65,'execs Table 7'!C65,'execs Table 7'!E65,'execs Table 7'!AA65,'execs Table 7'!AC65,'execs Table 7'!AE65,'execs Table 7'!AG65,'execs Table 7'!AI65,'execs Table 7'!AK65,'execs Table 7'!AM65,'execs Table 7'!AO65) -> 18 | X75: =SUM('execs Table 7'!H65,'execs Table 7'!J65,'execs Table 7'!L65,'execs Table 7'!N65,'execs Table 7'!P65,'execs Table 7'!R65,'execs Table 7'!T65,'execs Table 7'!V65,'execs Table 7'!X65,'execs Table 7'!Z65,'execs Table 7'!D65,'execs Table 7'!F65,'execs Table 7'!AB65,'execs Table 7'!AD65,'execs Table 7'!AF65,'execs Table 7'!AH65,'execs Table 7'!AJ65,'execs Table 7'!AL65,'execs Table 7'!AN65,'execs Table 7'!AP65) -> 222.251 | Y75: =(W75-$AR75)/$AR75 -> 0 | Z75: =IF(W75=$AR75,1,0) -> 1 | AR75: =MIN(C75,G75,K75,O75,S75,W75,AA75,AE75,AI75,AM75) -> 18
B76: e05r0200 | C76: 27 | D76: - | E76: =(C76-$AR76)/$AR76 -> 0.5 | F76: =IF(C76=$AR76,1,0) -> 0 | G76: 27 | H76: - | I76: =(G76-$AR76)/$AR76 -> 0.5 | J76: =IF(G76=$AR76,1,0) -> 0 | K76: 27 | L76: - | M76: =(K76-$AR76)/$AR76 -> 0.5 | N76: =IF(K76=$AR76,1,0) -> 0 | O76: ='execs Table 7'!C66 -> 18 | P76: ='execs Table 7'!D66 -> 11.82 | Q76: =(O76-$AR76)/$AR76 -> 0 | R76: =IF(O76=$AR76,1,0) -> 1 | S76: =MIN('execs Table 7'!C66,'execs Table 7'!E66,'execs Table 7'!G66,'execs Table 7'!I66,'execs Table 7'!K66,'execs Table 7'!M66,'execs Table 7'!O66,'execs Table 7'!Q66,'execs Table 7'!S66,'execs Table 7'!U66) -> 18 | T76: =SUM('execs Table 7'!D66,'execs Table 7'!F66,'execs Table 7'!H66,'execs Table 7'!J66,'execs Table 7'!L66,'execs Table 7'!N66,'execs Table 7'!P66,'execs Table 7'!R66,'execs Table 7'!T66,'execs Table 7'!V66) -> 117.763 | U76: =(S76-$AR76)/$AR76 -> 0 | V76: =IF(S76=$AR76,1,0) -> 1 | W76: =MIN('execs Table 7'!G66,'execs Table 7'!I66,'execs Table 7'!K66,'execs Table 7'!M66,'execs Table 7'!O66,'execs Table 7'!Q66,'execs Table 7'!S66,'execs Table 7'!U66,'execs Table 7'!W66,'execs Table 7'!Y66,'execs Table 7'!C66,'execs Table 7'!E66,'execs Table 7'!AA66,'execs Table 7'!AC66,'execs Table 7'!AE66,'execs Table 7'!AG66,'execs Table 7'!AI66,'execs Table 7'!AK66,'execs Table 7'!AM66,'execs Table 7'!AO66) -> 18 | X76: =SUM('execs Table 7'!H66,'execs Table 7'!J66,'execs Table 7'!L66,'execs Table 7'!N66,'execs Table 7'!P66,'execs Table 7'!R66,'execs Table 7'!T66,'execs Table 7'!V66,'execs Table 7'!X66,'execs Table 7'!Z66,'execs Table 7'!D66,'execs Table 7'!F66,'execs Table 7'!AB66,'execs Table 7'!AD66,'execs Table 7'!AF66,'execs Table 7'!AH66,'execs Table 7'!AJ66,'execs Table 7'!AL66,'execs Table 7'!AN66,'execs Table 7'!AP66) -> 225.575 | Y76: =(W76-$AR76)/$AR76 -> 0 | Z76: =IF(W76=$AR76,1,0) -> 1 | AR76: =MIN(C76,G76,K76,O76,S76,W76,AA76,AE76,AI76,AM76) -> 18
B77: e05r0300 | C77: 27 | D77: - | E77: =(C77-$AR77)/$AR77 -> 0.5 | F77: =IF(C77=$AR77,1,0) -> 0 | G77: 27 | H77: - | I77: =(G77-$AR77)/$AR77 -> 0.5 | J77: =IF(G77=$AR77,1,0) -> 0 | K77: 27 | L77: - | M77: =(K77-$AR77)/$AR77 -> 0.5 | N77: =IF(K77=$AR77,1,0) -> 0 | O77: ='execs Table 7'!C67 -> 18 | P77: ='execs Table 7'!D67 -> 11.851 | Q77: =(O77-$AR77)/$AR77 -> 0 | R77: =IF(O77=$AR77,1,0) -> 1 | S77: =MIN('execs Table 7'!C67,'execs Table 7'!E67,'execs Table 7'!G67,'execs Table 7'!I67,'execs Table 7'!K67,'execs Table 7'!M67,'execs Table 7'!O67,'execs Table 7'!Q67,'execs Table 7'!S67,'execs Table 7'!U67) -> 18 | T77: =SUM('execs Table 7'!D67,'execs Table 7'!F67,'execs Table 7'!H67,'execs Table 7'!J67,'execs Table 7'!L67,'execs Table 7'!N67,'execs Table 7'!P67,'execs Table 7'!R67,'execs Table 7'!T67,'execs Table 7'!V67) -> 117.886 | U77: =(S77-$AR77)/$AR77 -> 0 | V77: =IF(S77=$AR77,1,0) -> 1 | W77: =MIN('execs Table 7'!G67,'execs Table 7'!I67,'execs Table 7'!K67,'execs Table 7'!M67,'execs Table 7'!O67,'execs Table 7'!Q67,'execs Table 7'!S67,'execs Table 7'!U67,'execs Table 7'!W67,'execs Table 7'!Y67,'execs Table 7'!C67,'execs Table 7'!E67,'execs Table 7'!AA67,'execs Table 7'!AC67,'execs Table 7'!AE67,'execs Table 7'!AG67,'execs Table 7'!AI67,'execs Table 7'!AK67,'execs Table 7'!AM67,'execs Table 7'!AO67) -> 18 | X77: =SUM('execs Table 7'!H67,'execs Table 7'!J67,'execs Table 7'!L67,'execs Table 7'!N67,'execs Table 7'!P67,'execs Table 7'!R67,'execs Table 7'!T67,'execs Table 7'!V67,'execs Table 7'!X67,'execs Table 7'!Z67,'execs Table 7'!D67,'execs Table 7'!F67,'execs Table 7'!AB67,'execs Table 7'!AD67,'execs Table 7'!AF67,'execs Table 7'!AH67,'execs Table 7'!AJ67,'execs Table 7'!AL67,'execs Table 7'!AN67,'execs Table 7'!AP67) -> 225.896 | Y77: =(W77-$AR77)/$AR77 -> 0 | Z77: =IF(W77=$AR77,1,0) -> 1 | AR77: =MIN(C77,G77,K77,O77,S77,W77,AA77,AE77,AI77,AM77) -> 18
B78: e05r0400 | C78: 27 | D78: - | E78: =(C78-$AR78)/$AR78 -> 0.5 | F78: =IF(C78=$AR78,1,0) -> 0 | G78: 27 | H78: - | I78: =(G78-$AR78)/$AR78 -> 0.5 | J78: =IF(G78=$AR78,1,0) -> 0 | K78: 27 | L78: - | M78: =(K78-$AR78)/$AR78 -> 0.5 | N78: =IF(K78=$AR78,1,0) -> 0 | O78: ='execs Table 7'!C68 -> 18 | P78: ='execs Table 7'!D68 -> 11.87 | Q78: =(O78-$AR78)/$AR78 -> 0 | R78: =IF(O78=$AR78,1,0) -> 1 | S78: =MIN('execs Table 7'!C68,'execs Table 7'!E68,'execs Table 7'!G68,'execs Table 7'!I68,'execs Table 7'!K68,'execs Table 7'!M68,'execs Table 7'!O68,'execs Table 7'!Q68,'execs Table 7'!S68,'execs Table 7'!U68) -> 18 | T78: =SUM('execs Table 7'!D68,'execs Table 7'!F68,'execs Table 7'!H68,'execs Table 7'!J68,'execs Table 7'!L68,'execs Table 7'!N68,'execs Table 7'!P68,'execs Table 7'!R68,'execs Table 7'!T68,'execs Table 7'!V68) -> 117.579 | U78: =(S78-$AR78)/$AR78 -> 0 | V78: =IF(S78=$AR78,1,0) -> 1 | W78: =MIN('execs Table 7'!G68,'execs Table 7'!I68,'execs Table 7'!K68,'execs Table 7'!M68,'execs Table 7'!O68,'execs Table 7'!Q68,'execs Table 7'!S68,'execs Table 7'!U68,'execs Table 7'!W68,'execs Table 7'!Y68,'execs Table 7'!C68,'execs Table 7'!E68,'execs Table 7'!AA68,'execs Table 7'!AC68,'execs Table 7'!AE68,'execs Table 7'!AG68,'execs Table 7'!AI68,'execs Table 7'!AK68,'execs Table 7'!AM68,'execs Table 7'!AO68) -> 18 | X78: =SUM('execs Table 7'!H68,'execs Table 7'!J68,'execs Table 7'!L68,'execs Table 7'!N68,'execs Table 7'!P68,'execs Table 7'!R68,'execs Table 7'!T68,'execs Table 7'!V68,'execs Table 7'!X68,'execs Table 7'!Z68,'execs Table 7'!D68,'execs Table 7'!F68,'execs Table 7'!AB68,'execs Table 7'!AD68,'execs Table 7'!AF68,'execs Table 7'!AH68,'execs Table 7'!AJ68,'execs Table 7'!AL68,'execs Table 7'!AN68,'execs Table 7'!AP68) -> 225.282 | Y78: =(W78-$AR78)/$AR78 -> 0 | Z78: =IF(W78=$AR78,1,0) -> 1 | AR78: =MIN(C78,G78,K78,O78,S78,W78,AA78,AE78,AI78,AM78) -> 18
B79: eris1176 | C79: 781 | D79: - | E79: =(C79-$AR79)/$AR79 -> 0.17620482 | F79: =IF(C79=$AR79,1,0) -> 0 | G79: 777 | H79: - | I79: =(G79-$AR79)/$AR79 -> 0.17018072 | J79: =IF(G79=$AR79,1,0) -> 0 | K79: - | L79: - | M79: =(K79-$AR79)/$AR79 -> #VALUE! | N79: =IF(K79=$AR79,1,0) -> 0 | O79: ='execs Table 7'!C69 -> 664 | P79: ='execs Table 7'!D69 -> 219.819 | Q79: =(O79-$AR79)/$AR79 -> 0 | R79: =IF(O79=$AR79,1,0) -> 1 | S79: =MIN('execs Table 7'!C69,'execs Table 7'!E69,'execs Table 7'!G69,'execs Table 7'!I69,'execs Table 7'!K69,'execs Table 7'!M69,'execs Table 7'!O69,'execs Table 7'!Q69,'execs Table 7'!S69,'execs Table 7'!U69) -> 664 | T79: =SUM('execs Table 7'!D69,'execs Table 7'!F69,'execs Table 7'!H69,'execs Table 7'!J69,'execs Table 7'!L69,'execs Table 7'!N69,'execs Table 7'!P69,'execs Table 7'!R69,'execs Table 7'!T69,'execs Table 7'!V69) -> 3274.705 | U79: =(S79-$AR79)/$AR79 -> 0 | V79: =IF(S79=$AR79,1,0) -> 1 | W79: =MIN('execs Table 7'!G69,'execs Table 7'!I69,'execs Table 7'!K69,'execs Table 7'!M69,'execs Table 7'!O69,'execs Table 7'!Q69,'execs Table 7'!S69,'execs Table 7'!U69,'execs Table 7'!W69,'execs Table 7'!Y69,'execs Table 7'!C69,'execs Table 7'!E69,'execs Table 7'!AA69,'execs Table 7'!AC69,'execs Table 7'!AE69,'execs Table 7'!AG69,'execs Table 7'!AI69,'execs Table 7'!AK69,'execs Table 7'!AM69,'execs Table 7'!AO69) -> 664 | X79: =SUM('execs Table 7'!H69,'execs Table 7'!J69,'execs Table 7'!L69,'execs Table 7'!N69,'execs Table 7'!P69,'execs Table 7'!R69,'execs Table 7'!T69,'execs Table 7'!V69,'execs Table 7'!X69,'execs Table 7'!Z69,'execs Table 7'!D69,'execs Table 7'!F69,'execs Table 7'!AB69,'execs Table 7'!AD69,'execs Table 7'!AF69,'execs Table 7'!AH69,'execs Table 7'!AJ69,'execs Table 7'!AL69,'execs Table 7'!AN69,'execs Table 7'!AP69) -> 6619.364 | Y79: =(W79-$AR79)/$AR79 -> 0 | Z79: =IF(W79=$AR79,1,0) -> 1 | AR79: =MIN(C79,G79,K79,O79,S79,W79,AA79,AE79,AI79,AM79) -> 664
B80: fidap001 | C80: 36 | D80: - | E80: =(C80-$AR80)/$AR80 -> 0.5 | F80: =IF(C80=$AR80,1,0) -> 0 | G80: 35 | H80: - | I80: =(G80-$AR80)/$AR80 -> 0.45833333 | J80: =IF(G80=$AR80,1,0) -> 0 | K80: 35 | L80: - | M80: =(K80-$AR80)/$AR80 -> 0.45833333 | N80: =IF(K80=$AR80,1,0) -> 0 | O80: ='execs Table 7'!C70 -> 24 | P80: ='execs Table 7'!D70 -> 7.5019999 | Q80: =(O80-$AR80)/$AR80 -> 0 | R80: =IF(O80=$AR80,1,0) -> 1 | S80: =MIN('execs Table 7'!C70,'execs Table 7'!E70,'execs Table 7'!G70,'execs Table 7'!I70,'execs Table 7'!K70,'execs Table 7'!M70,'execs Table 7'!O70,'execs Table 7'!Q70,'execs Table 7'!S70,'execs Table 7'!U70) -> 24 | T80: =SUM('execs Table 7'!D70,'execs Table 7'!F70,'execs Table 7'!H70,'execs Table 7'!J70,'execs Table 7'!L70,'execs Table 7'!N70,'execs Table 7'!P70,'execs Table 7'!R70,'execs Table 7'!T70,'execs Table 7'!V70) -> 78.902 | U80: =(S80-$AR80)/$AR80 -> 0 | V80: =IF(S80=$AR80,1,0) -> 1 | W80: =MIN('execs Table 7'!G70,'execs Table 7'!I70,'execs Table 7'!K70,'execs Table 7'!M70,'execs Table 7'!O70,'execs Table 7'!Q70,'execs Table 7'!S70,'execs Table 7'!U70,'execs Table 7'!W70,'execs Table 7'!Y70,'execs Table 7'!C70,'execs Table 7'!E70,'execs Table 7'!AA70,'execs Table 7'!AC70,'execs Table 7'!AE70,'execs Table 7'!AG70,'execs Table 7'!AI70,'execs Table 7'!AK70,'execs Table 7'!AM70,'execs Table 7'!AO70) -> 24 | X80: =SUM('execs Table 7'!H70,'execs Table 7'!J70,'execs Table 7'!L70,'execs Table 7'!N70,'execs Table 7'!P70,'execs Table 7'!R70,'execs Table 7'!T70,'execs Table 7'!V70,'execs Table 7'!X70,'execs Table 7'!Z70,'execs Table 7'!D70,'execs Table 7'!F70,'execs Table 7'!AB70,'execs Table 7'!AD70,'execs Table 7'!AF70,'execs Table 7'!AH70,'execs Table 7'!AJ70,'execs Table 7'!AL70,'execs Table 7'!AN70,'execs Table 7'!AP70) -> 150.247 | Y80: =(W80-$AR80)/$AR80 -> 0 | Z80: =IF(W80=$AR80,1,0) -> 1 | AR80: =MIN(C80,G80,K80,O80,S80,W80,AA80,AE80,AI80,AM80) -> 24
B81: fidap002 | C81: 24 | D81: - | E81: =(C81-$AR81)/$AR81 -> 1 | F81: =IF(C81=$AR81,1,0) -> 0 | G81: 18 | H81: - | I81: =(G81-$AR81)/$AR81 -> 0.5 | J81: =IF(G81=$AR81,1,0) -> 0 | K81: - | L81: - | M81: =(K81-$AR81)/$AR81 -> #VALUE! | N81: =IF(K81=$AR81,1,0) -> 0 | O81: ='execs Table 7'!C71 -> 12 | P81: ='execs Table 7'!D71 -> 615.28601 | Q81: =(O81-$AR81)/$AR81 -> 0 | R81: =IF(O81=$AR81,1,0) -> 1 | S81: =MIN('execs Table 7'!C71,'execs Table 7'!E71,'execs Table 7'!G71,'execs Table 7'!I71,'execs Table 7'!K71,'execs Table 7'!M71,'execs Table 7'!O71,'execs Table 7'!Q71,'execs Table 7'!S71,'execs Table 7'!U71) -> 12 | T81: =SUM('execs Table 7'!D71,'execs Table 7'!F71,'execs Table 7'!H71,'execs Table 7'!J71,'execs Table 7'!L71,'execs Table 7'!N71,'execs Table 7'!P71,'execs Table 7'!R71,'execs Table 7'!T71,'execs Table 7'!V71) -> 5065.888 | U81: =(S81-$AR81)/$AR81 -> 0 | V81: =IF(S81=$AR81,1,0) -> 1 | W81: =MIN('execs Table 7'!G71,'execs Table 7'!I71,'execs Table 7'!K71,'execs Table 7'!M71,'execs Table 7'!O71,'execs Table 7'!Q71,'execs Table 7'!S71,'execs Table 7'!U71,'execs Table 7'!W71,'execs Table 7'!Y71,'execs Table 7'!C71,'execs Table 7'!E71,'execs Table 7'!AA71,'execs Table 7'!AC71,'execs Table 7'!AE71,'execs Table 7'!AG71,'execs Table 7'!AI71,'execs Table 7'!AK71,'execs Table 7'!AM71,'execs Table 7'!AO71) -> 12 | X81: =SUM('execs Table 7'!H71,'execs Table 7'!J71,'execs Table 7'!L71,'execs Table 7'!N71,'execs Table 7'!P71,'execs Table 7'!R71,'execs Table 7'!T71,'execs Table 7'!V71,'execs Table 7'!X71,'execs Table 7'!Z71,'execs Table 7'!D71,'execs Table 7'!F71,'execs Table 7'!AB71,'execs Table 7'!AD71,'execs Table 7'!AF71,'execs Table 7'!AH71,'execs Table 7'!AJ71,'execs Table 7'!AL71,'execs Table 7'!AN71,'execs Table 7'!AP71) -> 9792.0891 | Y81: =(W81-$AR81)/$AR81 -> 0 | Z81: =IF(W81=$AR81,1,0) -> 1 | AR81: =MIN(C81,G81,K81,O81,S81,W81,AA81,AE81,AI81,AM81) -> 12
B82: fidap004 | C82: 285 | D82: - | E82: =(C82-$AR82)/$AR82 -> 0.875 | F82: =IF(C82=$AR82,1,0) -> 0 | G82: 287 | H82: - | I82: =(G82-$AR82)/$AR82 -> 0.88815789 | J82: =IF(G82=$AR82,1,0) -> 0 | K82: - | L82: - | M82: =(K82-$AR82)/$AR82 -> #VALUE! | N82: =IF(K82=$AR82,1,0) -> 0 | O82: ='execs Table 7'!C72 -> 154 | P82: ='execs Table 7'!D72 -> 341.85699 | Q82: =(O82-$AR82)/$AR82 -> 0.013157895 | R82: =IF(O82=$AR82,1,0) -> 0 | S82: =MIN('execs Table 7'!C72,'execs Table 7'!E72,'execs Table 7'!G72,'execs Table 7'!I72,'execs Table 7'!K72,'execs Table 7'!M72,'execs Table 7'!O72,'execs Table 7'!Q72,'execs Table 7'!S72,'execs Table 7'!U72) -> 152 | T82: =SUM('execs Table 7'!D72,'execs Table 7'!F72,'execs Table 7'!H72,'execs Table 7'!J72,'execs Table 7'!L72,'execs Table 7'!N72,'execs Table 7'!P72,'execs Table 7'!R72,'execs Table 7'!T72,'execs Table 7'!V72) -> 2280.948 | U82: =(S82-$AR82)/$AR82 -> 0 | V82: =IF(S82=$AR82,1,0) -> 1 | W82: =MIN('execs Table 7'!G72,'execs Table 7'!I72,'execs Table 7'!K72,'execs Table 7'!M72,'execs Table 7'!O72,'execs Table 7'!Q72,'execs Table 7'!S72,'execs Table 7'!U72,'execs Table 7'!W72,'execs Table 7'!Y72,'execs Table 7'!C72,'execs Table 7'!E72,'execs Table 7'!AA72,'execs Table 7'!AC72,'execs Table 7'!AE72,'execs Table 7'!AG72,'execs Table 7'!AI72,'execs Table 7'!AK72,'execs Table 7'!AM72,'execs Table 7'!AO72) -> 152 | X82: =SUM('execs Table 7'!H72,'execs Table 7'!J72,'execs Table 7'!L72,'execs Table 7'!N72,'execs Table 7'!P72,'execs Table 7'!R72,'execs Table 7'!T72,'execs Table 7'!V72,'execs Table 7'!X72,'execs Table 7'!Z72,'execs Table 7'!D72,'execs Table 7'!F72,'execs Table 7'!AB72,'execs Table 7'!AD72,'execs Table 7'!AF72,'execs Table 7'!AH72,'execs Table 7'!AJ72,'execs Table 7'!AL72,'execs Table 7'!AN72,'execs Table 7'!AP72) -> 4200.645 | Y82: =(W82-$AR82)/$AR82 -> 0 | Z82: =IF(W82=$AR82,1,0) -> 1 | AR82: =MIN(C82,G82,K82,O82,S82,W82,AA82,AE82,AI82,AM82) -> 152
B83: fidap005 | C83: 9 | D83: - | E83: =(C83-$AR83)/$AR83 -> 0.5 | F83: =IF(C83=$AR83,1,0) -> 0 | G83: 9 | H83: - | I83: =(G83-$AR83)/$AR83 -> 0.5 | J83: =IF(G83=$AR83,1,0) -> 0 | K83: 9 | L83: - | M83: =(K83-$AR83)/$AR83 -> 0.5 | N83: =IF(K83=$AR83,1,0) -> 0 | O83: ='execs Table 7'!C73 -> 6 | P83: ='execs Table 7'!D73 -> 0.052000001 | Q83: =(O83-$AR83)/$AR83 -> 0 | R83: =IF(O83=$AR83,1,0) -> 1 | S83: =MIN('execs Table 7'!C73,'execs Table 7'!E73,'execs Table 7'!G73,'execs Table 7'!I73,'execs Table 7'!K73,'execs Table 7'!M73,'execs Table 7'!O73,'execs Table 7'!Q73,'execs Table 7'!S73,'execs Table 7'!U73) -> 6 | T83: =SUM('execs Table 7'!D73,'execs Table 7'!F73,'execs Table 7'!H73,'execs Table 7'!J73,'execs Table 7'!L73,'execs Table 7'!N73,'execs Table 7'!P73,'execs Table 7'!R73,'execs Table 7'!T73,'execs Table 7'!V73) -> 0.542 | U83: =(S83-$AR83)/$AR83 -> 0 | V83: =IF(S83=$AR83,1,0) -> 1 | W83: =MIN('execs Table 7'!G73,'execs Table 7'!I73,'execs Table 7'!K73,'execs Table 7'!M73,'execs Table 7'!O73,'execs Table 7'!Q73,'execs Table 7'!S73,'execs Table 7'!U73,'execs Table 7'!W73,'execs Table 7'!Y73,'execs Table 7'!C73,'execs Table 7'!E73,'execs Table 7'!AA73,'execs Table 7'!AC73,'execs Table 7'!AE73,'execs Table 7'!AG73,'execs Table 7'!AI73,'execs Table 7'!AK73,'execs Table 7'!AM73,'execs Table 7'!AO73) -> 6 | X83: =SUM('execs Table 7'!H73,'execs Table 7'!J73,'execs Table 7'!L73,'execs Table 7'!N73,'execs Table 7'!P73,'execs Table 7'!R73,'execs Table 7'!T73,'execs Table 7'!V73,'execs Table 7'!X73,'execs Table 7'!Z73,'execs Table 7'!D73,'execs Table 7'!F73,'execs Table 7'!AB73,'execs Table 7'!AD73,'execs Table 7'!AF73,'execs Table 7'!AH73,'execs Table 7'!AJ73,'execs Table 7'!AL73,'execs Table 7'!AN73,'execs Table 7'!AP73) -> 1.118 | Y83: =(W83-$AR83)/$AR83 -> 0 | Z83: =IF(W83=$AR83,1,0) -> 1 | AR83: =MIN(C83,G83,K83,O83,S83,W83,AA83,AE83,AI83,AM83) -> 6
B84: fs_183_1 | C84: 52 | D84: - | E84: =(C84-$AR84)/$AR84 -> 0.23809524 | F84: =IF(C84=$AR84,1,0) -> 0 | G84: 52 | H84: - | I84: =(G84-$AR84)/$AR84 -> 0.23809524 | J84: =IF(G84=$AR84,1,0) -> 0 | K84: 52 | L84: - | M84: =(K84-$AR84)/$AR84 -> 0.23809524 | N84: =IF(K84=$AR84,1,0) -> 0 | O84: ='execs Table 7'!C74 -> 42 | P84: ='execs Table 7'!D74 -> 0.89300001 | Q84: =(O84-$AR84)/$AR84 -> 0 | R84: =IF(O84=$AR84,1,0) -> 1 | S84: =MIN('execs Table 7'!C74,'execs Table 7'!E74,'execs Table 7'!G74,'execs Table 7'!I74,'execs Table 7'!K74,'execs Table 7'!M74,'execs Table 7'!O74,'execs Table 7'!Q74,'execs Table 7'!S74,'execs Table 7'!U74) -> 42 | T84: =SUM('execs Table 7'!D74,'execs Table 7'!F74,'execs Table 7'!H74,'execs Table 7'!J74,'execs Table 7'!L74,'execs Table 7'!N74,'execs Table 7'!P74,'execs Table 7'!R74,'execs Table 7'!T74,'execs Table 7'!V74) -> 8.0159999 | U84: =(S84-$AR84)/$AR84 -> 0 | V84: =IF(S84=$AR84,1,0) -> 1 | W84: =MIN('execs Table 7'!G74,'execs Table 7'!I74,'execs Table 7'!K74,'execs Table 7'!M74,'execs Table 7'!O74,'execs Table 7'!Q74,'execs Table 7'!S74,'execs Table 7'!U74,'execs Table 7'!W74,'execs Table 7'!Y74,'execs Table 7'!C74,'execs Table 7'!E74,'execs Table 7'!AA74,'execs Table 7'!AC74,'execs Table 7'!AE74,'execs Table 7'!AG74,'execs Table 7'!AI74,'execs Table 7'!AK74,'execs Table 7'!AM74,'execs Table 7'!AO74) -> 42 | X84: =SUM('execs Table 7'!H74,'execs Table 7'!J74,'execs Table 7'!L74,'execs Table 7'!N74,'execs Table 7'!P74,'execs Table 7'!R74,'execs Table 7'!T74,'execs Table 7'!V74,'execs Table 7'!X74,'execs Table 7'!Z74,'execs Table 7'!D74,'execs Table 7'!F74,'execs Table 7'!AB74,'execs Table 7'!AD74,'execs Table 7'!AF74,'execs Table 7'!AH74,'execs Table 7'!AJ74,'execs Table 7'!AL74,'execs Table 7'!AN74,'execs Table 7'!AP74) -> 16.044 | Y84: =(W84-$AR84)/$AR84 -> 0 | Z84: =IF(W84=$AR84,1,0) -> 1 | AR84: =MIN(C84,G84,K84,O84,S84,W84,AA84,AE84,AI84,AM84) -> 42
B85: fs_183_3 | C85: 52 | D85: - | E85: =(C85-$AR85)/$AR85 -> 0.23809524 | F85: =IF(C85=$AR85,1,0) -> 0 | G85: 52 | H85: - | I85: =(G85-$AR85)/$AR85 -> 0.23809524 | J85: =IF(G85=$AR85,1,0) -> 0 | K85: 52 | L85: - | M85: =(K85-$AR85)/$AR85 -> 0.23809524 | N85: =IF(K85=$AR85,1,0) -> 0 | O85: ='execs Table 7'!C75 -> 42 | P85: ='execs Table 7'!D75 -> 0.89600003 | Q85: =(O85-$AR85)/$AR85 -> 0 | R85: =IF(O85=$AR85,1,0) -> 1 | S85: =MIN('execs Table 7'!C75,'execs Table 7'!E75,'execs Table 7'!G75,'execs Table 7'!I75,'execs Table 7'!K75,'execs Table 7'!M75,'execs Table 7'!O75,'execs Table 7'!Q75,'execs Table 7'!S75,'execs Table 7'!U75) -> 42 | T85: =SUM('execs Table 7'!D75,'execs Table 7'!F75,'execs Table 7'!H75,'execs Table 7'!J75,'execs Table 7'!L75,'execs Table 7'!N75,'execs Table 7'!P75,'execs Table 7'!R75,'execs Table 7'!T75,'execs Table 7'!V75) -> 8.025 | U85: =(S85-$AR85)/$AR85 -> 0 | V85: =IF(S85=$AR85,1,0) -> 1 | W85: =MIN('execs Table 7'!G75,'execs Table 7'!I75,'execs Table 7'!K75,'execs Table 7'!M75,'execs Table 7'!O75,'execs Table 7'!Q75,'execs Table 7'!S75,'execs Table 7'!U75,'execs Table 7'!W75,'execs Table 7'!Y75,'execs Table 7'!C75,'execs Table 7'!E75,'execs Table 7'!AA75,'execs Table 7'!AC75,'execs Table 7'!AE75,'execs Table 7'!AG75,'execs Table 7'!AI75,'execs Table 7'!AK75,'execs Table 7'!AM75,'execs Table 7'!AO75) -> 42 | X85: =SUM('execs Table 7'!H75,'execs Table 7'!J75,'execs Table 7'!L75,'execs Table 7'!N75,'execs Table 7'!P75,'execs Table 7'!R75,'execs Table 7'!T75,'execs Table 7'!V75,'execs Table 7'!X75,'execs Table 7'!Z75,'execs Table 7'!D75,'execs Table 7'!F75,'execs Table 7'!AB75,'execs Table 7'!AD75,'execs Table 7'!AF75,'execs Table 7'!AH75,'execs Table 7'!AJ75,'execs Table 7'!AL75,'execs Table 7'!AN75,'execs Table 7'!AP75) -> 16.031 | Y85: =(W85-$AR85)/$AR85 -> 0 | Z85: =IF(W85=$AR85,1,0) -> 1 | AR85: =MIN(C85,G85,K85,O85,S85,W85,AA85,AE85,AI85,AM85) -> 42
B86: fs_183_4 | C86: 52 | D86: - | E86: =(C86-$AR86)/$AR86 -> 0.23809524 | F86: =IF(C86=$AR86,1,0) -> 0 | G86: 52 | H86: - | I86: =(G86-$AR86)/$AR86 -> 0.23809524 | J86: =IF(G86=$AR86,1,0) -> 0 | K86: 52 | L86: - | M86: =(K86-$AR86)/$AR86 -> 0.23809524 | N86: =IF(K86=$AR86,1,0) -> 0 | O86: ='execs Table 7'!C76 -> 42 | P86: ='execs Table 7'!D76 -> 0.90200001 | Q86: =(O86-$AR86)/$AR86 -> 0 | R86: =IF(O86=$AR86,1,0) -> 1 | S86: =MIN('execs Table 7'!C76,'execs Table 7'!E76,'execs Table 7'!G76,'execs Table 7'!I76,'execs Table 7'!K76,'execs Table 7'!M76,'execs Table 7'!O76,'execs Table 7'!Q76,'execs Table 7'!S76,'execs Table 7'!U76) -> 42 | T86: =SUM('execs Table 7'!D76,'execs Table 7'!F76,'execs Table 7'!H76,'execs Table 7'!J76,'execs Table 7'!L76,'execs Table 7'!N76,'execs Table 7'!P76,'execs Table 7'!R76,'execs Table 7'!T76,'execs Table 7'!V76) -> 8.091 | U86: =(S86-$AR86)/$AR86 -> 0 | V86: =IF(S86=$AR86,1,0) -> 1 | W86: =MIN('execs Table 7'!G76,'execs Table 7'!I76,'execs Table 7'!K76,'execs Table 7'!M76,'execs Table 7'!O76,'execs Table 7'!Q76,'execs Table 7'!S76,'execs Table 7'!U76,'execs Table 7'!W76,'execs Table 7'!Y76,'execs Table 7'!C76,'execs Table 7'!E76,'execs Table 7'!AA76,'execs Table 7'!AC76,'execs Table 7'!AE76,'execs Table 7'!AG76,'execs Table 7'!AI76,'execs Table 7'!AK76,'execs Table 7'!AM76,'execs Table 7'!AO76) -> 42 | X86: =SUM('execs Table 7'!H76,'execs Table 7'!J76,'execs Table 7'!L76,'execs Table 7'!N76,'execs Table 7'!P76,'execs Table 7'!R76,'execs Table 7'!T76,'execs Table 7'!V76,'execs Table 7'!X76,'execs Table 7'!Z76,'execs Table 7'!D76,'execs Table 7'!F76,'execs Table 7'!AB76,'execs Table 7'!AD76,'execs Table 7'!AF76,'execs Table 7'!AH76,'execs Table 7'!AJ76,'execs Table 7'!AL76,'execs Table 7'!AN76,'execs Table 7'!AP76) -> 16.146 | Y86: =(W86-$AR86)/$AR86 -> 0 | Z86: =IF(W86=$AR86,1,0) -> 1 | AR86: =MIN(C86,G86,K86,O86,S86,W86,AA86,AE86,AI86,AM86) -> 42
B87: fs_183_6 | C87: 52 | D87: - | E87: =(C87-$AR87)/$AR87 -> 0.23809524 | F87: =IF(C87=$AR87,1,0) -> 0 | G87: 52 | H87: - | I87: =(G87-$AR87)/$AR87 -> 0.23809524 | J87: =IF(G87=$AR87,1,0) -> 0 | K87: 52 | L87: - | M87: =(K87-$AR87)/$AR87 -> 0.23809524 | N87: =IF(K87=$AR87,1,0) -> 0 | O87: ='execs Table 7'!C77 -> 42 | P87: ='execs Table 7'!D77 -> 0.89600003 | Q87: =(O87-$AR87)/$AR87 -> 0 | R87: =IF(O87=$AR87,1,0) -> 1 | S87: =MIN('execs Table 7'!C77,'execs Table 7'!E77,'execs Table 7'!G77,'execs Table 7'!I77,'execs Table 7'!K77,'execs Table 7'!M77,'execs Table 7'!O77,'execs Table 7'!Q77,'execs Table 7'!S77,'execs Table 7'!U77) -> 42 | T87: =SUM('execs Table 7'!D77,'execs Table 7'!F77,'execs Table 7'!H77,'execs Table 7'!J77,'execs Table 7'!L77,'execs Table 7'!N77,'execs Table 7'!P77,'execs Table 7'!R77,'execs Table 7'!T77,'execs Table 7'!V77) -> 8.071 | U87: =(S87-$AR87)/$AR87 -> 0 | V87: =IF(S87=$AR87,1,0) -> 1 | W87: =MIN('execs Table 7'!G77,'execs Table 7'!I77,'execs Table 7'!K77,'execs Table 7'!M77,'execs Table 7'!O77,'execs Table 7'!Q77,'execs Table 7'!S77,'execs Table 7'!U77,'execs Table 7'!W77,'execs Table 7'!Y77,'execs Table 7'!C77,'execs Table 7'!E77,'execs Table 7'!AA77,'execs Table 7'!AC77,'execs Table 7'!AE77,'execs Table 7'!AG77,'execs Table 7'!AI77,'execs Table 7'!AK77,'execs Table 7'!AM77,'execs Table 7'!AO77) -> 42 | X87: =SUM('execs Table 7'!H77,'execs Table 7'!J77,'execs Table 7'!L77,'execs Table 7'!N77,'execs Table 7'!P77,'execs Table 7'!R77,'execs Table 7'!T77,'execs Table 7'!V77,'execs Table 7'!X77,'execs Table 7'!Z77,'execs Table 7'!D77,'execs Table 7'!F77,'execs Table 7'!AB77,'execs Table 7'!AD77,'execs Table 7'!AF77,'execs Table 7'!AH77,'execs Table 7'!AJ77,'execs Table 7'!AL77,'execs Table 7'!AN77,'execs Table 7'!AP77) -> 16.082 | Y87: =(W87-$AR87)/$AR87 -> 0 | Z87: =IF(W87=$AR87,1,0) -> 1 | AR87: =MIN(C87,G87,K87,O87,S87,W87,AA87,AE87,AI87,AM87) -> 42
B88: fs_541_1 | C88: 3 | D88: - | E88: =(C88-$AR88)/$AR88 -> 0 | F88: =IF(C88=$AR88,1,0) -> 1 | G88: 3 | H88: - | I88: =(G88-$AR88)/$AR88 -> 0 | J88: =IF(G88=$AR88,1,0) -> 1 | K88: 3 | L88: - | M88: =(K88-$AR88)/$AR88 -> 0 | N88: =IF(K88=$AR88,1,0) -> 1 | O88: ='execs Table 7'!C78 -> 3 | P88: ='execs Table 7'!D78 -> 16.639 | Q88: =(O88-$AR88)/$AR88 -> 0 | R88: =IF(O88=$AR88,1,0) -> 1 | S88: =MIN('execs Table 7'!C78,'execs Table 7'!E78,'execs Table 7'!G78,'execs Table 7'!I78,'execs Table 7'!K78,'execs Table 7'!M78,'execs Table 7'!O78,'execs Table 7'!Q78,'execs Table 7'!S78,'execs Table 7'!U78) -> 3 | T88: =SUM('execs Table 7'!D78,'execs Table 7'!F78,'execs Table 7'!H78,'execs Table 7'!J78,'execs Table 7'!L78,'execs Table 7'!N78,'execs Table 7'!P78,'execs Table 7'!R78,'execs Table 7'!T78,'execs Table 7'!V78) -> 158.356 | U88: =(S88-$AR88)/$AR88 -> 0 | V88: =IF(S88=$AR88,1,0) -> 1 | W88: =MIN('execs Table 7'!G78,'execs Table 7'!I78,'execs Table 7'!K78,'execs Table 7'!M78,'execs Table 7'!O78,'execs Table 7'!Q78,'execs Table 7'!S78,'execs Table 7'!U78,'execs Table 7'!W78,'execs Table 7'!Y78,'execs Table 7'!C78,'execs Table 7'!E78,'execs Table 7'!AA78,'execs Table 7'!AC78,'execs Table 7'!AE78,'execs Table 7'!AG78,'execs Table 7'!AI78,'execs Table 7'!AK78,'execs Table 7'!AM78,'execs Table 7'!AO78) -> 3 | X88: =SUM('execs Table 7'!H78,'execs Table 7'!J78,'execs Table 7'!L78,'execs Table 7'!N78,'execs Table 7'!P78,'execs Table 7'!R78,'execs Table 7'!T78,'execs Table 7'!V78,'execs Table 7'!X78,'execs Table 7'!Z78,'execs Table 7'!D78,'execs Table 7'!F78,'execs Table 7'!AB78,'execs Table 7'!AD78,'execs Table 7'!AF78,'execs Table 7'!AH78,'execs Table 7'!AJ78,'execs Table 7'!AL78,'execs Table 7'!AN78,'execs Table 7'!AP78) -> 314.083 | Y88: =(W88-$AR88)/$AR88 -> 0 | Z88: =IF(W88=$AR88,1,0) -> 1 | AR88: =MIN(C88,G88,K88,O88,S88,W88,AA88,AE88,AI88,AM88) -> 3
B89: fs_541_2 | C89: 3 | D89: - | E89: =(C89-$AR89)/$AR89 -> 0 | F89: =IF(C89=$AR89,1,0) -> 1 | G89: 3 | H89: - | I89: =(G89-$AR89)/$AR89 -> 0 | J89: =IF(G89=$AR89,1,0) -> 1 | K89: 3 | L89: - | M89: =(K89-$AR89)/$AR89 -> 0 | N89: =IF(K89=$AR89,1,0) -> 1 | O89: ='execs Table 7'!C79 -> 3 | P89: ='execs Table 7'!D79 -> 15.587 | Q89: =(O89-$AR89)/$AR89 -> 0 | R89: =IF(O89=$AR89,1,0) -> 1 | S89: =MIN('execs Table 7'!C79,'execs Table 7'!E79,'execs Table 7'!G79,'execs Table 7'!I79,'execs Table 7'!K79,'execs Table 7'!M79,'execs Table 7'!O79,'execs Table 7'!Q79,'execs Table 7'!S79,'execs Table 7'!U79) -> 3 | T89: =SUM('execs Table 7'!D79,'execs Table 7'!F79,'execs Table 7'!H79,'execs Table 7'!J79,'execs Table 7'!L79,'execs Table 7'!N79,'execs Table 7'!P79,'execs Table 7'!R79,'execs Table 7'!T79,'execs Table 7'!V79) -> 157.611 | U89: =(S89-$AR89)/$AR89 -> 0 | V89: =IF(S89=$AR89,1,0) -> 1 | W89: =MIN('execs Table 7'!G79,'execs Table 7'!I79,'execs Table 7'!K79,'execs Table 7'!M79,'execs Table 7'!O79,'execs Table 7'!Q79,'execs Table 7'!S79,'execs Table 7'!U79,'execs Table 7'!W79,'execs Table 7'!Y79,'execs Table 7'!C79,'execs Table 7'!E79,'execs Table 7'!AA79,'execs Table 7'!AC79,'execs Table 7'!AE79,'execs Table 7'!AG79,'execs Table 7'!AI79,'execs Table 7'!AK79,'execs Table 7'!AM79,'execs Table 7'!AO79) -> 3 | X89: =SUM('execs Table 7'!H79,'execs Table 7'!J79,'execs Table 7'!L79,'execs Table 7'!N79,'execs Table 7'!P79,'execs Table 7'!R79,'execs Table 7'!T79,'execs Table 7'!V79,'execs Table 7'!X79,'execs Table 7'!Z79,'execs Table 7'!D79,'execs Table 7'!F79,'execs Table 7'!AB79,'execs Table 7'!AD79,'execs Table 7'!AF79,'execs Table 7'!AH79,'execs Table 7'!AJ79,'execs Table 7'!AL79,'execs Table 7'!AN79,'execs Table 7'!AP79) -> 314.282 | Y89: =(W89-$AR89)/$AR89 -> 0 | Z89: =IF(W89=$AR89,1,0) -> 1 | AR89: =MIN(C89,G89,K89,O89,S89,W89,AA89,AE89,AI89,AM89) -> 3
B90: fs_680_1 | C90: 458 | D90: - | E90: =(C90-$AR90)/$AR90 -> 0.13647643 | F90: =IF(C90=$AR90,1,0) -> 0 | G90: 455 | H90: - | I90: =(G90-$AR90)/$AR90 -> 0.12903226 | J90: =IF(G90=$AR90,1,0) -> 0 | K90: 453 | L90: - | M90: =(K90-$AR90)/$AR90 -> 0.12406948 | N90: =IF(K90=$AR90,1,0) -> 0 | O90: ='execs Table 7'!C80 -> 403 | P90: ='execs Table 7'!D80 -> 2.4879999 | Q90: =(O90-$AR90)/$AR90 -> 0 | R90: =IF(O90=$AR90,1,0) -> 1 | S90: =MIN('execs Table 7'!C80,'execs Table 7'!E80,'execs Table 7'!G80,'execs Table 7'!I80,'execs Table 7'!K80,'execs Table 7'!M80,'execs Table 7'!O80,'execs Table 7'!Q80,'execs Table 7'!S80,'execs Table 7'!U80) -> 403 | T90: =SUM('execs Table 7'!D80,'execs Table 7'!F80,'execs Table 7'!H80,'execs Table 7'!J80,'execs Table 7'!L80,'execs Table 7'!N80,'execs Table 7'!P80,'execs Table 7'!R80,'execs Table 7'!T80,'execs Table 7'!V80) -> 24.836 | U90: =(S90-$AR90)/$AR90 -> 0 | V90: =IF(S90=$AR90,1,0) -> 1 | W90: =MIN('execs Table 7'!G80,'execs Table 7'!I80,'execs Table 7'!K80,'execs Table 7'!M80,'execs Table 7'!O80,'execs Table 7'!Q80,'execs Table 7'!S80,'execs Table 7'!U80,'execs Table 7'!W80,'execs Table 7'!Y80,'execs Table 7'!C80,'execs Table 7'!E80,'execs Table 7'!AA80,'execs Table 7'!AC80,'execs Table 7'!AE80,'execs Table 7'!AG80,'execs Table 7'!AI80,'execs Table 7'!AK80,'execs Table 7'!AM80,'execs Table 7'!AO80) -> 403 | X90: =SUM('execs Table 7'!H80,'execs Table 7'!J80,'execs Table 7'!L80,'execs Table 7'!N80,'execs Table 7'!P80,'execs Table 7'!R80,'execs Table 7'!T80,'execs Table 7'!V80,'execs Table 7'!X80,'execs Table 7'!Z80,'execs Table 7'!D80,'execs Table 7'!F80,'execs Table 7'!AB80,'execs Table 7'!AD80,'execs Table 7'!AF80,'execs Table 7'!AH80,'execs Table 7'!AJ80,'execs Table 7'!AL80,'execs Table 7'!AN80,'execs Table 7'!AP80) -> 50.097 | Y90: =(W90-$AR90)/$AR90 -> 0 | Z90: =IF(W90=$AR90,1,0) -> 1 | AR90: =MIN(C90,G90,K90,O90,S90,W90,AA90,AE90,AI90,AM90) -> 403
B91: fs_760_1 | C91: 286 | D91: - | E91: =(C91-$AR91)/$AR91 -> 0.21702128 | F91: =IF(C91=$AR91,1,0) -> 0 | G91: 279 | H91: - | I91: =(G91-$AR91)/$AR91 -> 0.18723404 | J91: =IF(G91=$AR91,1,0) -> 0 | K91: 276 | L91: - | M91: =(K91-$AR91)/$AR91 -> 0.17446809 | N91: =IF(K91=$AR91,1,0) -> 0 | O91: ='execs Table 7'!C81 -> 235 | P91: ='execs Table 7'!D81 -> 16.988001 | Q91: =(O91-$AR91)/$AR91 -> 0 | R91: =IF(O91=$AR91,1,0) -> 1 | S91: =MIN('execs Table 7'!C81,'execs Table 7'!E81,'execs Table 7'!G81,'execs Table 7'!I81,'execs Table 7'!K81,'execs Table 7'!M81,'execs Table 7'!O81,'execs Table 7'!Q81,'execs Table 7'!S81,'execs Table 7'!U81) -> 235 | T91: =SUM('execs Table 7'!D81,'execs Table 7'!F81,'execs Table 7'!H81,'execs Table 7'!J81,'execs Table 7'!L81,'execs Table 7'!N81,'execs Table 7'!P81,'execs Table 7'!R81,'execs Table 7'!T81,'execs Table 7'!V81) -> 113.25 | U91: =(S91-$AR91)/$AR91 -> 0 | V91: =IF(S91=$AR91,1,0) -> 1 | W91: =MIN('execs Table 7'!G81,'execs Table 7'!I81,'execs Table 7'!K81,'execs Table 7'!M81,'execs Table 7'!O81,'execs Table 7'!Q81,'execs Table 7'!S81,'execs Table 7'!U81,'execs Table 7'!W81,'execs Table 7'!Y81,'execs Table 7'!C81,'execs Table 7'!E81,'execs Table 7'!AA81,'execs Table 7'!AC81,'execs Table 7'!AE81,'execs Table 7'!AG81,'execs Table 7'!AI81,'execs Table 7'!AK81,'execs Table 7'!AM81,'execs Table 7'!AO81) -> 235 | X91: =SUM('execs Table 7'!H81,'execs Table 7'!J81,'execs Table 7'!L81,'execs Table 7'!N81,'execs Table 7'!P81,'execs Table 7'!R81,'execs Table 7'!T81,'execs Table 7'!V81,'execs Table 7'!X81,'execs Table 7'!Z81,'execs Table 7'!D81,'execs Table 7'!F81,'execs Table 7'!AB81,'execs Table 7'!AD81,'execs Table 7'!AF81,'execs Table 7'!AH81,'execs Table 7'!AJ81,'execs Table 7'!AL81,'execs Table 7'!AN81,'execs Table 7'!AP81) -> 206.214 | Y91: =(W91-$AR91)/$AR91 -> 0 | Z91: =IF(W91=$AR91,1,0) -> 1 | AR91: =MIN(C91,G91,K91,O91,S91,W91,AA91,AE91,AI91,AM91) -> 235
B92: gent113 | C92: 60 | D92: - | E92: =(C92-$AR92)/$AR92 -> 0.016949153 | F92: =IF(C92=$AR92,1,0) -> 0 | G92: 60 | H92: - | I92: =(G92-$AR92)/$AR92 -> 0.016949153 | J92: =IF(G92=$AR92,1,0) -> 0 | K92: 59 | L92: - | M92: =(K92-$AR92)/$AR92 -> 0 | N92: =IF(K92=$AR92,1,0) -> 1 | O92: ='execs Table 7'!C82 -> 59 | P92: ='execs Table 7'!D82 -> 0.21799999 | Q92: =(O92-$AR92)/$AR92 -> 0 | R92: =IF(O92=$AR92,1,0) -> 1 | S92: =MIN('execs Table 7'!C82,'execs Table 7'!E82,'execs Table 7'!G82,'execs Table 7'!I82,'execs Table 7'!K82,'execs Table 7'!M82,'execs Table 7'!O82,'execs Table 7'!Q82,'execs Table 7'!S82,'execs Table 7'!U82) -> 59 | T92: =SUM('execs Table 7'!D82,'execs Table 7'!F82,'execs Table 7'!H82,'execs Table 7'!J82,'execs Table 7'!L82,'execs Table 7'!N82,'execs Table 7'!P82,'execs Table 7'!R82,'execs Table 7'!T82,'execs Table 7'!V82) -> 2.158 | U92: =(S92-$AR92)/$AR92 -> 0 | V92: =IF(S92=$AR92,1,0) -> 1 | W92: =MIN('execs Table 7'!G82,'execs Table 7'!I82,'execs Table 7'!K82,'execs Table 7'!M82,'execs Table 7'!O82,'execs Table 7'!Q82,'execs Table 7'!S82,'execs Table 7'!U82,'execs Table 7'!W82,'execs Table 7'!Y82,'execs Table 7'!C82,'execs Table 7'!E82,'execs Table 7'!AA82,'execs Table 7'!AC82,'execs Table 7'!AE82,'execs Table 7'!AG82,'execs Table 7'!AI82,'execs Table 7'!AK82,'execs Table 7'!AM82,'execs Table 7'!AO82) -> 59 | X92: =SUM('execs Table 7'!H82,'execs Table 7'!J82,'execs Table 7'!L82,'execs Table 7'!N82,'execs Table 7'!P82,'execs Table 7'!R82,'execs Table 7'!T82,'execs Table 7'!V82,'execs Table 7'!X82,'execs Table 7'!Z82,'execs Table 7'!D82,'execs Table 7'!F82,'execs Table 7'!AB82,'execs Table 7'!AD82,'execs Table 7'!AF82,'execs Table 7'!AH82,'execs Table 7'!AJ82,'execs Table 7'!AL82,'execs Table 7'!AN82,'execs Table 7'!AP82) -> 4.336 | Y92: =(W92-$AR92)/$AR92 -> 0 | Z92: =IF(W92=$AR92,1,0) -> 1 | AR92: =MIN(C92,G92,K92,O92,S92,W92,AA92,AE92,AI92,AM92) -> 59
B93: gr_30_30 | C93: 398 | D93: - | E93: =(C93-$AR93)/$AR93 -> 0.27564103 | F93: =IF(C93=$AR93,1,0) -> 0 | G93: 369 | H93: - | I93: =(G93-$AR93)/$AR93 -> 0.18269231 | J93: =IF(G93=$AR93,1,0) -> 0 | K93: 370 | L93: - | M93: =(K93-$AR93)/$AR93 -> 0.18589744 | N93: =IF(K93=$AR93,1,0) -> 0 | O93: ='execs Table 7'!C83 -> 324 | P93: ='execs Table 7'!D83 -> 2.464 | Q93: =(O93-$AR93)/$AR93 -> 0.038461538 | R93: =IF(O93=$AR93,1,0) -> 0 | S93: =MIN('execs Table 7'!C83,'execs Table 7'!E83,'execs Table 7'!G83,'execs Table 7'!I83,'execs Table 7'!K83,'execs Table 7'!M83,'execs Table 7'!O83,'execs Table 7'!Q83,'execs Table 7'!S83,'execs Table 7'!U83) -> 312 | T93: =SUM('execs Table 7'!D83,'execs Table 7'!F83,'execs Table 7'!H83,'execs Table 7'!J83,'execs Table 7'!L83,'execs Table 7'!N83,'execs Table 7'!P83,'execs Table 7'!R83,'execs Table 7'!T83,'execs Table 7'!V83) -> 29.161 | U93: =(S93-$AR93)/$AR93 -> 0 | V93: =IF(S93=$AR93,1,0) -> 1 | W93: =MIN('execs Table 7'!G83,'execs Table 7'!I83,'execs Table 7'!K83,'execs Table 7'!M83,'execs Table 7'!O83,'execs Table 7'!Q83,'execs Table 7'!S83,'execs Table 7'!U83,'execs Table 7'!W83,'execs Table 7'!Y83,'execs Table 7'!C83,'execs Table 7'!E83,'execs Table 7'!AA83,'execs Table 7'!AC83,'execs Table 7'!AE83,'execs Table 7'!AG83,'execs Table 7'!AI83,'execs Table 7'!AK83,'execs Table 7'!AM83,'execs Table 7'!AO83) -> 312 | X93: =SUM('execs Table 7'!H83,'execs Table 7'!J83,'execs Table 7'!L83,'execs Table 7'!N83,'execs Table 7'!P83,'execs Table 7'!R83,'execs Table 7'!T83,'execs Table 7'!V83,'execs Table 7'!X83,'execs Table 7'!Z83,'execs Table 7'!D83,'execs Table 7'!F83,'execs Table 7'!AB83,'execs Table 7'!AD83,'execs Table 7'!AF83,'execs Table 7'!AH83,'execs Table 7'!AJ83,'execs Table 7'!AL83,'execs Table 7'!AN83,'execs Table 7'!AP83) -> 62.363 | Y93: =(W93-$AR93)/$AR93 -> 0 | Z93: =IF(W93=$AR93,1,0) -> 1 | AR93: =MIN(C93,G93,K93,O93,S93,W93,AA93,AE93,AI93,AM93) -> 312
B94: gre_1107 | C94: 704 | D94: - | E94: =(C94-$AR94)/$AR94 -> 0.41082164 | F94: =IF(C94=$AR94,1,0) -> 0 | G94: 691 | H94: - | I94: =(G94-$AR94)/$AR94 -> 0.38476954 | J94: =IF(G94=$AR94,1,0) -> 0 | K94: 675 | L94: - | M94: =(K94-$AR94)/$AR94 -> 0.35270541 | N94: =IF(K94=$AR94,1,0) -> 0 | O94: ='execs Table 7'!C84 -> 526 | P94: ='execs Table 7'!D84 -> 24.226999 | Q94: =(O94-$AR94)/$AR94 -> 0.054108216 | R94: =IF(O94=$AR94,1,0) -> 0 | S94: =MIN('execs Table 7'!C84,'execs Table 7'!E84,'execs Table 7'!G84,'execs Table 7'!I84,'execs Table 7'!K84,'execs Table 7'!M84,'execs Table 7'!O84,'execs Table 7'!Q84,'execs Table 7'!S84,'execs Table 7'!U84) -> 499 | T94: =SUM('execs Table 7'!D84,'execs Table 7'!F84,'execs Table 7'!H84,'execs Table 7'!J84,'execs Table 7'!L84,'execs Table 7'!N84,'execs Table 7'!P84,'execs Table 7'!R84,'execs Table 7'!T84,'execs Table 7'!V84) -> 402.17 | U94: =(S94-$AR94)/$AR94 -> 0 | V94: =IF(S94=$AR94,1,0) -> 1 | W94: =MIN('execs Table 7'!G84,'execs Table 7'!I84,'execs Table 7'!K84,'execs Table 7'!M84,'execs Table 7'!O84,'execs Table 7'!Q84,'execs Table 7'!S84,'execs Table 7'!U84,'execs Table 7'!W84,'execs Table 7'!Y84,'execs Table 7'!C84,'execs Table 7'!E84,'execs Table 7'!AA84,'execs Table 7'!AC84,'execs Table 7'!AE84,'execs Table 7'!AG84,'execs Table 7'!AI84,'execs Table 7'!AK84,'execs Table 7'!AM84,'execs Table 7'!AO84) -> 499 | X94: =SUM('execs Table 7'!H84,'execs Table 7'!J84,'execs Table 7'!L84,'execs Table 7'!N84,'execs Table 7'!P84,'execs Table 7'!R84,'execs Table 7'!T84,'execs Table 7'!V84,'execs Table 7'!X84,'execs Table 7'!Z84,'execs Table 7'!D84,'execs Table 7'!F84,'execs Table 7'!AB84,'execs Table 7'!AD84,'execs Table 7'!AF84,'execs Table 7'!AH84,'execs Table 7'!AJ84,'execs Table 7'!AL84,'execs Table 7'!AN84,'execs Table 7'!AP84) -> 776.213 | Y94: =(W94-$AR94)/$AR94 -> 0 | Z94: =IF(W94=$AR94,1,0) -> 1 | AR94: =MIN(C94,G94,K94,O94,S94,W94,AA94,AE94,AI94,AM94) -> 499
... B96: ibm32 | C96: 21 | D96: - | E96: =(C96-$AR96)/$AR96 -> 0.10526316 | F96: =IF(C96=$AR96,1,0) -> 0 | G96: 19 | H96: - | I96: =(G96-$AR96)/$AR96 -> 0 | J96: =IF(G96=$AR96,1,0) -> 1 | K96: 19 | L96: - | M96: =(K96-$AR96)/$AR96 -> 0 | N96: =IF(K96=$AR96,1,0) -> 1 | O96: ='execs Table 7'!C86 -> 19 | P96: ='execs Table 7'!D86 -> 0.0070000002 | Q96: =(O96-$AR96)/$AR96 -> 0 | R96: =IF(O96=$AR96,1,0) -> 1 | S96: =MIN('execs Table 7'!C86,'execs Table 7'!E86,'execs Table 7'!G86,'execs Table 7'!I86,'execs Table 7'!K86,'execs Table 7'!M86,'execs Table 7'!O86,'execs Table 7'!Q86,'execs Table 7'!S86,'execs Table 7'!U86) -> 19 | T96: =SUM('execs Table 7'!D86,'execs Table 7'!F86,'execs Table 7'!H86,'execs Table 7'!J86,'execs Table 7'!L86,'execs Table 7'!N86,'execs Table 7'!P86,'execs Table 7'!R86,'execs Table 7'!T86,'execs Table 7'!V86) -> 0.077 | U96: =(S96-$AR96)/$AR96 -> 0 | V96: =IF(S96=$AR96,1,0) -> 1 | W96: =MIN('execs Table 7'!G86,'execs Table 7'!I86,'execs Table 7'!K86,'execs Table 7'!M86,'execs Table 7'!O86,'execs Table 7'!Q86,'execs Table 7'!S86,'execs Table 7'!U86,'execs Table 7'!W86,'execs Table 7'!Y86,'execs Table 7'!C86,'execs Table 7'!E86,'execs Table 7'!AA86,'execs Table 7'!AC86,'execs Table 7'!AE86,'execs Table 7'!AG86,'execs Table 7'!AI86,'execs Table 7'!AK86,'execs Table 7'!AM86,'execs Table 7'!AO86) -> 19 | X96: =SUM('execs Table 7'!H86,'execs Table 7'!J86,'execs Table 7'!L86,'execs Table 7'!N86,'execs Table 7'!P86,'execs Table 7'!R86,'execs Table 7'!T86,'execs Table 7'!V86,'execs Table 7'!X86,'execs Table 7'!Z86,'execs Table 7'!D86,'execs Table 7'!F86,'execs Table 7'!AB86,'execs Table 7'!AD86,'execs Table 7'!AF86,'execs Table 7'!AH86,'execs Table 7'!AJ86,'execs Table 7'!AL86,'execs Table 7'!AN86,'execs Table 7'!AP86) -> 0.157 | Y96: =(W96-$AR96)/$AR96 -> 0 | Z96: =IF(W96=$AR96,1,0) -> 1 | AR96: =MIN(C96,G96,K96,O96,S96,W96,AA96,AE96,AI96,AM96) -> 19
B97: illc1033 | C97: 39 | D97: - | E97: =(C97-$AR97)/$AR97 -> 0 | F97: =IF(C97=$AR97,1,0) -> 1 | G97: 39 | H97: - | I97: =(G97-$AR97)/$AR97 -> 0 | J97: =IF(G97=$AR97,1,0) -> 1 | K97: - | L97: - | M97: =(K97-$AR97)/$AR97 -> #VALUE! | N97: =IF(K97=$AR97,1,0) -> 0 | O97: ='execs Table 7'!C87 -> 39 | P97: ='execs Table 7'!D87 -> 3.2620001 | Q97: =(O97-$AR97)/$AR97 -> 0 | R97: =IF(O97=$AR97,1,0) -> 1 | S97: =MIN('execs Table 7'!C87,'execs Table 7'!E87,'execs Table 7'!G87,'execs Table 7'!I87,'execs Table 7'!K87,'execs Table 7'!M87,'execs Table 7'!O87,'execs Table 7'!Q87,'execs Table 7'!S87,'execs Table 7'!U87) -> 39 | T97: =SUM('execs Table 7'!D87,'execs Table 7'!F87,'execs Table 7'!H87,'execs Table 7'!J87,'execs Table 7'!L87,'execs Table 7'!N87,'execs Table 7'!P87,'execs Table 7'!R87,'execs Table 7'!T87,'execs Table 7'!V87) -> 31.258 | U97: =(S97-$AR97)/$AR97 -> 0 | V97: =IF(S97=$AR97,1,0) -> 1 | W97: =MIN('execs Table 7'!G87,'execs Table 7'!I87,'execs Table 7'!K87,'execs Table 7'!M87,'execs Table 7'!O87,'execs Table 7'!Q87,'execs Table 7'!S87,'execs Table 7'!U87,'execs Table 7'!W87,'execs Table 7'!Y87,'execs Table 7'!C87,'execs Table 7'!E87,'execs Table 7'!AA87,'execs Table 7'!AC87,'execs Table 7'!AE87,'execs Table 7'!AG87,'execs Table 7'!AI87,'execs Table 7'!AK87,'execs Table 7'!AM87,'execs Table 7'!AO87) -> 39 | X97: =SUM('execs Table 7'!H87,'execs Table 7'!J87,'execs Table 7'!L87,'execs Table 7'!N87,'execs Table 7'!P87,'execs Table 7'!R87,'execs Table 7'!T87,'execs Table 7'!V87,'execs Table 7'!X87,'execs Table 7'!Z87,'execs Table 7'!D87,'execs Table 7'!F87,'execs Table 7'!AB87,'execs Table 7'!AD87,'execs Table 7'!AF87,'execs Table 7'!AH87,'execs Table 7'!AJ87,'execs Table 7'!AL87,'execs Table 7'!AN87,'execs Table 7'!AP87) -> 63.024 | Y97: =(W97-$AR97)/$AR97 -> 0 | Z97: =IF(W97=$AR97,1,0) -> 1 | AR97: =MIN(C97,G97,K97,O97,S97,W97,AA97,AE97,AI97,AM97) -> 39
B98: impcol_b | C98: 29 | D98: - | E98: =(C98-$AR98)/$AR98 -> 0.16 | F98: =IF(C98=$AR98,1,0) -> 0 | G98: 26 | H98: - | I98: =(G98-$AR98)/$AR98 -> 0.04 | J98: =IF(G98=$AR98,1,0) -> 0 | K98: 26 | L98: - | M98: =(K98-$AR98)/$AR98 -> 0.04 | N98: =IF(K98=$AR98,1,0) -> 0 | O98: ='execs Table 7'!C88 -> 25 | P98: ='execs Table 7'!D88 -> 0.059999999 | Q98: =(O98-$AR98)/$AR98 -> 0 | R98: =IF(O98=$AR98,1,0) -> 1 | S98: =MIN('execs Table 7'!C88,'execs Table 7'!E88,'execs Table 7'!G88,'execs Table 7'!I88,'execs Table 7'!K88,'execs Table 7'!M88,'execs Table 7'!O88,'execs Table 7'!Q88,'execs Table 7'!S88,'execs Table 7'!U88) -> 25 | T98: =SUM('execs Table 7'!D88,'execs Table 7'!F88,'execs Table 7'!H88,'execs Table 7'!J88,'execs Table 7'!L88,'execs Table 7'!N88,'execs Table 7'!P88,'execs Table 7'!R88,'execs Table 7'!T88,'execs Table 7'!V88) -> 0.686 | U98: =(S98-$AR98)/$AR98 -> 0 | V98: =IF(S98=$AR98,1,0) -> 1 | W98: =MIN('execs Table 7'!G88,'execs Table 7'!I88,'execs Table 7'!K88,'execs Table 7'!M88,'execs Table 7'!O88,'execs Table 7'!Q88,'execs Table 7'!S88,'execs Table 7'!U88,'execs Table 7'!W88,'execs Table 7'!Y88,'execs Table 7'!C88,'execs Table 7'!E88,'execs Table 7'!AA88,'execs Table 7'!AC88,'execs Table 7'!AE88,'execs Table 7'!AG88,'execs Table 7'!AI88,'execs Table 7'!AK88,'execs Table 7'!AM88,'execs Table 7'!AO88) -> 25 | X98: =SUM('execs Table 7'!H88,'execs Table 7'!J88,'execs Table 7'!L88,'execs Table 7'!N88,'execs Table 7'!P88,'execs Table 7'!R88,'execs Table 7'!T88,'execs Table 7'!V88,'execs Table 7'!X88,'execs Table 7'!Z88,'execs Table 7'!D88,'execs Table 7'!F88,'execs Table 7'!AB88,'execs Table 7'!AD88,'execs Table 7'!AF88,'execs Table 7'!AH88,'execs Table 7'!AJ88,'execs Table 7'!AL88,'execs Table 7'!AN88,'execs Table 7'!AP88) -> 1.303 | Y98: =(W98-$AR98)/$AR98 -> 0 | Z98: =IF(W98=$AR98,1,0) -> 1 | AR98: =MIN(C98,G98,K98,O98,S98,W98,AA98,AE98,AI98,AM98) -> 25
B99: impcol_c | C99: 78 | D99: - | E99: =(C99-$AR99)/$AR99 -> 0.11428571 | F99: =IF(C99=$AR99,1,0) -> 0 | G99: 77 | H99: - | I99: =(G99-$AR99)/$AR99 -> 0.1 | J99: =IF(G99=$AR99,1,0) -> 0 | K99: 77 | L99: - | M99: =(K99-$AR99)/$AR99 -> 0.1 | N99: =IF(K99=$AR99,1,0) -> 0 | O99: ='execs Table 7'!C89 -> 71 | P99: ='execs Table 7'!D89 -> 0.101 | Q99: =(O99-$AR99)/$AR99 -> 0.014285714 | R99: =IF(O99=$AR99,1,0) -> 0 | S99: =MIN('execs Table 7'!C89,'execs Table 7'!E89,'execs Table 7'!G89,'execs Table 7'!I89,'execs Table 7'!K89,'execs Table 7'!M89,'execs Table 7'!O89,'execs Table 7'!Q89,'execs Table 7'!S89,'execs Table 7'!U89) -> 70 | T99: =SUM('execs Table 7'!D89,'execs Table 7'!F89,'execs Table 7'!H89,'execs Table 7'!J89,'execs Table 7'!L89,'execs Table 7'!N89,'execs Table 7'!P89,'execs Table 7'!R89,'execs Table 7'!T89,'execs Table 7'!V89) -> 1.202 | U99: =(S99-$AR99)/$AR99 -> 0 | V99: =IF(S99=$AR99,1,0) -> 1 | W99: =MIN('execs Table 7'!G89,'execs Table 7'!I89,'execs Table 7'!K89,'execs Table 7'!M89,'execs Table 7'!O89,'execs Table 7'!Q89,'execs Table 7'!S89,'execs Table 7'!U89,'execs Table 7'!W89,'execs Table 7'!Y89,'execs Table 7'!C89,'execs Table 7'!E89,'execs Table 7'!AA89,'execs Table 7'!AC89,'execs Table 7'!AE89,'execs Table 7'!AG89,'execs Table 7'!AI89,'execs Table 7'!AK89,'execs Table 7'!AM89,'execs Table 7'!AO89) -> 70 | X99: =SUM('execs Table 7'!H89,'execs Table 7'!J89,'execs Table 7'!L89,'execs Table 7'!N89,'execs Table 7'!P89,'execs Table 7'!R89,'execs Table 7'!T89,'execs Table 7'!V89,'execs Table 7'!X89,'execs Table 7'!Z89,'execs Table 7'!D89,'execs Table 7'!F89,'execs Table 7'!AB89,'execs Table 7'!AD89,'execs Table 7'!AF89,'execs Table 7'!AH89,'execs Table 7'!AJ89,'execs Table 7'!AL89,'execs Table 7'!AN89,'execs Table 7'!AP89) -> 2.327 | Y99: =(W99-$AR99)/$AR99 -> 0 | Z99: =IF(W99=$AR99,1,0) -> 1 | AR99: =MIN(C99,G99,K99,O99,S99,W99,AA99,AE99,AI99,AM99) -> 70
B100: impcol_d | C100: 210 | D100: - | E100: =(C100-$AR100)/$AR100 -> 0.09947644 | F100: =IF(C100=$AR100,1,0) -> 0 | G100: 210 | H100: - | I100: =(G100-$AR100)/$AR100 -> 0.09947644 | J100: =IF(G100=$AR100,1,0) -> 0 | K100: 204 | L100: - | M100: =(K100-$AR100)/$AR100 -> 0.068062827 | N100: =IF(K100=$AR100,1,0) -> 0 | O100: ='execs Table 7'!C90 -> 192 | P100: ='execs Table 7'!D90 -> 1.508 | Q100: =(O100-$AR100)/$AR100 -> 0.0052356021 | R100: =IF(O100=$AR100,1,0) -> 0 | S100: =MIN('execs Table 7'!C90,'execs Table 7'!E90,'execs Table 7'!G90,'execs Table 7'!I90,'execs Table 7'!K90,'execs Table 7'!M90,'execs Table 7'!O90,'execs Table 7'!Q90,'execs Table 7'!S90,'execs Table 7'!U90) -> 192 | T100: =SUM('execs Table 7'!D90,'execs Table 7'!F90,'execs Table 7'!H90,'execs Table 7'!J90,'execs Table 7'!L90,'execs Table 7'!N90,'execs Table 7'!P90,'execs Table 7'!R90,'execs Table 7'!T90,'execs Table 7'!V90) -> 15.721 | U100: =(S100-$AR100)/$AR100 -> 0.0052356021 | V100: =IF(S100=$AR100,1,0) -> 0 | W100: =MIN('execs Table 7'!G90,'execs Table 7'!I90,'execs Table 7'!K90,'execs Table 7'!M90,'execs Table 7'!O90,'execs Table 7'!Q90,'execs Table 7'!S90,'execs Table 7'!U90,'execs Table 7'!W90,'execs Table 7'!Y90,'execs Table 7'!C90,'execs Table 7'!E90,'execs Table 7'!AA90,'execs Table 7'!AC90,'execs Table 7'!AE90,'execs Table 7'!AG90,'execs Table 7'!AI90,'execs Table 7'!AK90,'execs Table 7'!AM90,'execs Table 7'!AO90) -> 191 | X100: =SUM('execs Table 7'!H90,'execs Table 7'!J90,'execs Table 7'!L90,'execs Table 7'!N90,'execs Table 7'!P90,'execs Table 7'!R90,'execs Table 7'!T90,'execs Table 7'!V90,'execs Table 7'!X90,'execs Table 7'!Z90,'execs Table 7'!D90,'execs Table 7'!F90,'execs Table 7'!AB90,'execs Table 7'!AD90,'execs Table 7'!AF90,'execs Table 7'!AH90,'execs Table 7'!AJ90,'execs Table 7'!AL90,'execs Table 7'!AN90,'execs Table 7'!AP90) -> 27.786 | Y100: =(W100-$AR100)/$AR100 -> 0 | Z100: =IF(W100=$AR100,1,0) -> 1 | AR100: =MIN(C100,G100,K100,O100,S100,W100,AA100,AE100,AI100,AM100) -> 191
B101: jagmesh1 | C101: 545 | D101: - | E101: =(C101-$AR101)/$AR101 -> 0.14736842 | F101: =IF(C101=$AR101,1,0) -> 0 | G101: 534 | H101: - | I101: =(G101-$AR101)/$AR101 -> 0.12421053 | J101: =IF(G101=$AR101,1,0) -> 0 | K101: 526 | L101: - | M101: =(K101-$AR101)/$AR101 -> 0.10736842 | N101: =IF(K101=$AR101,1,0) -> 0 | O101: ='execs Table 7'!C91 -> 483 | P101: ='execs Table 7'!D91 -> 3.2739999 | Q101: =(O101-$AR101)/$AR101 -> 0.016842105 | R101: =IF(O101=$AR101,1,0) -> 0 | S101: =MIN('execs Table 7'!C91,'execs Table 7'!E91,'execs Table 7'!G91,'execs Table 7'!I91,'execs Table 7'!K91,'execs Table 7'!M91,'execs Table 7'!O91,'execs Table 7'!Q91,'execs Table 7'!S91,'execs Table 7'!U91) -> 479 | T101: =SUM('execs Table 7'!D91,'execs Table 7'!F91,'execs Table 7'!H91,'execs Table 7'!J91,'execs Table 7'!L91,'execs Table 7'!N91,'execs Table 7'!P91,'execs Table 7'!R91,'execs Table 7'!T91,'execs Table 7'!V91) -> 33.468 | U101: =(S101-$AR101)/$AR101 -> 0.0084210526 | V101: =IF(S101=$AR101,1,0) -> 0 | W101: =MIN('execs Table 7'!G91,'execs Table 7'!I91,'execs Table 7'!K91,'execs Table 7'!M91,'execs Table 7'!O91,'execs Table 7'!Q91,'execs Table 7'!S91,'execs Table 7'!U91,'execs Table 7'!W91,'execs Table 7'!Y91,'execs Table 7'!C91,'execs Table 7'!E91,'execs Table 7'!AA91,'execs Table 7'!AC91,'execs Table 7'!AE91,'execs Table 7'!AG91,'execs Table 7'!AI91,'execs Table 7'!AK91,'execs Table 7'!AM91,'execs Table 7'!AO91) -> 475 | X101: =SUM('execs Table 7'!H91,'execs Table 7'!J91,'execs Table 7'!L91,'execs Table 7'!N91,'execs Table 7'!P91,'execs Table 7'!R91,'execs Table 7'!T91,'execs Table 7'!V91,'execs Table 7'!X91,'execs Table 7'!Z91,'execs Table 7'!D91,'execs Table 7'!F91,'execs Table 7'!AB91,'execs Table 7'!AD91,'execs Table 7'!AF91,'execs Table 7'!AH91,'execs Table 7'!AJ91,'execs Table 7'!AL91,'execs Table 7'!AN91,'execs Table 7'!AP91) -> 74.138 | Y101: =(W101-$AR101)/$AR101 -> 0 | Z101: =IF(W101=$AR101,1,0) -> 1 | AR101: =MIN(C101,G101,K101,O101,S101,W101,AA101,AE101,AI101,AM101) -> 475
B102: jagmesh2 | C102: 606 | D102: - | E102: =(C102-$AR102)/$AR102 -> 0.22672065 | F102: =IF(C102=$AR102,1,0) -> 0 | G102: 576 | H102: - | I102: =(G102-$AR102)/$AR102 -> 0.1659919 | J102: =IF(G102=$AR102,1,0) -> 0 | K102: 582 | L102: - | M102: =(K102-$AR102)/$AR102 -> 0.17813765 | N102: =IF(K102=$AR102,1,0) -> 0 | O102: ='execs Table 7'!C92 -> 506 | P102: ='execs Table 7'!D92 -> 4.8850002 | Q102: =(O102-$AR102)/$AR102 -> 0.024291498 | R102: =IF(O102=$AR102,1,0) -> 0 | S102: =MIN('execs Table 7'!C92,'execs Table 7'!E92,'execs Table 7'!G92,'execs Table 7'!I92,'execs Table 7'!K92,'execs Table 7'!M92,'execs Table 7'!O92,'execs Table 7'!Q92,'execs Table 7'!S92,'execs Table 7'!U92) -> 494 | T102: =SUM('execs Table 7'!D92,'execs Table 7'!F92,'execs Table 7'!H92,'execs Table 7'!J92,'execs Table 7'!L92,'execs Table 7'!N92,'execs Table 7'!P92,'execs Table 7'!R92,'execs Table 7'!T92,'execs Table 7'!V92) -> 45.470001 | U102: =(S102-$AR102)/$AR102 -> 0 | V102: =IF(S102=$AR102,1,0) -> 1 | W102: =MIN('execs Table 7'!G92,'execs Table 7'!I92,'execs Table 7'!K92,'execs Table 7'!M92,'execs Table 7'!O92,'execs Table 7'!Q92,'execs Table 7'!S92,'execs Table 7'!U92,'execs Table 7'!W92,'execs Table 7'!Y92,'execs Table 7'!C92,'execs Table 7'!E92,'execs Table 7'!AA92,'execs Table 7'!AC92,'execs Table 7'!AE92,'execs Table 7'!AG92,'execs Table 7'!AI92,'execs Table 7'!AK92,'execs Table 7'!AM92,'execs Table 7'!AO92) -> 494 | X102: =SUM('execs Table 7'!H92,'execs Table 7'!J92,'execs Table 7'!L92,'execs Table 7'!N92,'execs Table 7'!P92,'execs Table 7'!R92,'execs Table 7'!T92,'execs Table 7'!V92,'execs Table 7'!X92,'execs Table 7'!Z92,'execs Table 7'!D92,'execs Table 7'!F92,'execs Table 7'!AB92,'execs Table 7'!AD92,'execs Table 7'!AF92,'execs Table 7'!AH92,'execs Table 7'!AJ92,'execs Table 7'!AL92,'execs Table 7'!AN92,'execs Table 7'!AP92) -> 85.559 | Y102: =(W102-$AR102)/$AR102 -> 0 | Z102: =IF(W102=$AR102,1,0) -> 1 | AR102: =MIN(C102,G102,K102,O102,S102,W102,AA102,AE102,AI102,AM102) -> 494
B103: jgl009 | C103: 3 | D103: - | E103: =(C103-$AR103)/$AR103 -> 0 | F103: =IF(C103=$AR103,1,0) -> 1 | G103: 3 | H103: - | I103: =(G103-$AR103)/$AR103 -> 0 | J103: =IF(G103=$AR103,1,0) -> 1 | K103: 3 | L103: - | M103: =(K103-$AR103)/$AR103 -> 0 | N103: =IF(K103=$AR103,1,0) -> 1 | O103: ='execs Table 7'!C93 -> 3 | P103: ='execs Table 7'!D93 -> 0.0020000001 | Q103: =(O103-$AR103)/$AR103 -> 0 | R103: =IF(O103=$AR103,1,0) -> 1 | S103: =MIN('execs Table 7'!C93,'execs Table 7'!E93,'execs Table 7'!G93,'execs Table 7'!I93,'execs Table 7'!K93,'execs Table 7'!M93,'execs Table 7'!O93,'execs Table 7'!Q93,'execs Table 7'!S93,'execs Table 7'!U93) -> 3 | T103: =SUM('execs Table 7'!D93,'execs Table 7'!F93,'execs Table 7'!H93,'execs Table 7'!J93,'execs Table 7'!L93,'execs Table 7'!N93,'execs Table 7'!P93,'execs Table 7'!R93,'execs Table 7'!T93,'execs Table 7'!V93) -> 0.021000001 | U103: =(S103-$AR103)/$AR103 -> 0 | V103: =IF(S103=$AR103,1,0) -> 1 | W103: =MIN('execs Table 7'!G93,'execs Table 7'!I93,'execs Table 7'!K93,'execs Table 7'!M93,'execs Table 7'!O93,'execs Table 7'!Q93,'execs Table 7'!S93,'execs Table 7'!U93,'execs Table 7'!W93,'execs Table 7'!Y93,'execs Table 7'!C93,'execs Table 7'!E93,'execs Table 7'!AA93,'execs Table 7'!AC93,'execs Table 7'!AE93,'execs Table 7'!AG93,'execs Table 7'!AI93,'execs Table 7'!AK93,'execs Table 7'!AM93,'execs Table 7'!AO93) -> 3 | X103: =SUM('execs Table 7'!H93,'execs Table 7'!J93,'execs Table 7'!L93,'execs Table 7'!N93,'execs Table 7'!P93,'execs Table 7'!R93,'execs Table 7'!T93,'execs Table 7'!V93,'execs Table 7'!X93,'execs Table 7'!Z93,'execs Table 7'!D93,'execs Table 7'!F93,'execs Table 7'!AB93,'execs Table 7'!AD93,'execs Table 7'!AF93,'execs Table 7'!AH93,'execs Table 7'!AJ93,'execs Table 7'!AL93,'execs Table 7'!AN93,'execs Table 7'!AP93) -> 0.043000002 | Y103: =(W103-$AR103)/$AR103 -> 0 | Z103: =IF(W103=$AR103,1,0) -> 1 | AR103: =MIN(C103,G103,K103,O103,S103,W103,AA103,AE103,AI103,AM103) -> 3
B104: jgl011 | C104: 3 | D104: - | E104: =(C104-$AR104)/$AR104 -> 0 | F104: =IF(C104=$AR104,1,0) -> 1 | G104: 3 | H104: - | I104: =(G104-$AR104)/$AR104 -> 0 | J104: =IF(G104=$AR104,1,0) -> 1 | K104: 3 | L104: - | M104: =(K104-$AR104)/$AR104 -> 0 | N104: =IF(K104=$AR104,1,0) -> 1 | O104: ='execs Table 7'!C94 -> 3 | P104: ='execs Table 7'!D94 -> 0.0049999999 | Q104: =(O104-$AR104)/$AR104 -> 0 | R104: =IF(O104=$AR104,1,0) -> 1 | S104: =MIN('execs Table 7'!C94,'execs Table 7'!E94,'execs Table 7'!G94,'execs Table 7'!I94,'execs Table 7'!K94,'execs Table 7'!M94,'execs Table 7'!O94,'execs Table 7'!Q94,'execs Table 7'!S94,'execs Table 7'!U94) -> 3 | T104: =SUM('execs Table 7'!D94,'execs Table 7'!F94,'execs Table 7'!H94,'execs Table 7'!J94,'execs Table 7'!L94,'execs Table 7'!N94,'execs Table 7'!P94,'execs Table 7'!R94,'execs Table 7'!T94,'execs Table 7'!V94) -> 0.054 | U104: =(S104-$AR104)/$AR104 -> 0 | V104: =IF(S104=$AR104,1,0) -> 1 | W104: =MIN('execs Table 7'!G94,'execs Table 7'!I94,'execs Table 7'!K94,'execs Table 7'!M94,'execs Table 7'!O94,'execs Table 7'!Q94,'execs Table 7'!S94,'execs Table 7'!U94,'execs Table 7'!W94,'execs Table 7'!Y94,'execs Table 7'!C94,'execs Table 7'!E94,'execs Table 7'!AA94,'execs Table 7'!AC94,'execs Table 7'!AE94,'execs Table 7'!AG94,'execs Table 7'!AI94,'execs Table 7'!AK94,'execs Table 7'!AM94,'execs Table 7'!AO94) -> 3 | X104: =SUM('execs Table 7'!H94,'execs Table 7'!J94,'execs Table 7'!L94,'execs Table 7'!N94,'execs Table 7'!P94,'execs Table 7'!R94,'execs Table 7'!T94,'execs Table 7'!V94,'execs Table 7'!X94,'execs Table 7'!Z94,'execs Table 7'!D94,'execs Table 7'!F94,'execs Table 7'!AB94,'execs Table 7'!AD94,'execs Table 7'!AF94,'execs Table 7'!AH94,'execs Table 7'!AJ94,'execs Table 7'!AL94,'execs Table 7'!AN94,'execs Table 7'!AP94) -> 0.116 | Y104: =(W104-$AR104)/$AR104 -> 0 | Z104: =IF(W104=$AR104,1,0) -> 1 | AR104: =MIN(C104,G104,K104,O104,S104,W104,AA104,AE104,AI104,AM104) -> 3
B105: lns__131 | C105: 113 | D105: - | E105: =(C105-$AR105)/$AR105 -> 0.20212766 | F105: =IF(C105=$AR105,1,0) -> 0 | G105: 112 | H105: - | I105: =(G105-$AR105)/$AR105 -> 0.19148936 | J105: =IF(G105=$AR105,1,0) -> 0 | K105: 112 | L105: - | M105: =(K105-$AR105)/$AR105 -> 0.19148936 | N105: =IF(K105=$AR105,1,0) -> 0 | O105: ='execs Table 7'!C95 -> 94 | P105: ='execs Table 7'!D95 -> 0.121 | Q105: =(O105-$AR105)/$AR105 -> 0 | R105: =IF(O105=$AR105,1,0) -> 1 | S105: =MIN('execs Table 7'!C95,'execs Table 7'!E95,'execs Table 7'!G95,'execs Table 7'!I95,'execs Table 7'!K95,'execs Table 7'!M95,'execs Table 7'!O95,'execs Table 7'!Q95,'execs Table 7'!S95,'execs Table 7'!U95) -> 94 | T105: =SUM('execs Table 7'!D95,'execs Table 7'!F95,'execs Table 7'!H95,'execs Table 7'!J95,'execs Table 7'!L95,'execs Table 7'!N95,'execs Table 7'!P95,'execs Table 7'!R95,'execs Table 7'!T95,'execs Table 7'!V95) -> 1.292 | U105: =(S105-$AR105)/$AR105 -> 0 | V105: =IF(S105=$AR105,1,0) -> 1 | W105: =MIN('execs Table 7'!G95,'execs Table 7'!I95,'execs Table 7'!K95,'execs Table 7'!M95,'execs Table 7'!O95,'execs Table 7'!Q95,'execs Table 7'!S95,'execs Table 7'!U95,'execs Table 7'!W95,'execs Table 7'!Y95,'execs Table 7'!C95,'execs Table 7'!E95,'execs Table 7'!AA95,'execs Table 7'!AC95,'execs Table 7'!AE95,'execs Table 7'!AG95,'execs Table 7'!AI95,'execs Table 7'!AK95,'execs Table 7'!AM95,'execs Table 7'!AO95) -> 94 | X105: =SUM('execs Table 7'!H95,'execs Table 7'!J95,'execs Table 7'!L95,'execs Table 7'!N95,'execs Table 7'!P95,'execs Table 7'!R95,'execs Table 7'!T95,'execs Table 7'!V95,'execs Table 7'!X95,'execs Table 7'!Z95,'execs Table 7'!D95,'execs Table 7'!F95,'execs Table 7'!AB95,'execs Table 7'!AD95,'execs Table 7'!AF95,'execs Table 7'!AH95,'execs Table 7'!AJ95,'execs Table 7'!AL95,'execs Table 7'!AN95,'execs Table 7'!AP95) -> 2.592 | Y105: =(W105-$AR105)/$AR105 -> 0 | Z105: =IF(W105=$AR105,1,0) -> 1 | AR105: =MIN(C105,G105,K105,O105,S105,W105,AA105,AE105,AI105,AM105) -> 94
